Price,Adj Close,Close,High,Low,Open,Volume
Ticker,FOOD.JK,FOOD.JK,FOOD.JK,FOOD.JK,FOOD.JK,FOOD.JK
Date,,,,,,
2019-01-08,228.0,228.0,228.0,228.0,228.0,3200
2019-01-09,228.0,228.0,228.0,228.0,228.0,0
2019-01-10,228.0,228.0,228.0,228.0,228.0,0
2019-01-11,408.0,408.0,442.0,368.0,442.0,165462000
2019-01-14,378.0,378.0,444.0,320.0,410.0,14261100
2019-01-15,350.0,350.0,386.0,318.0,380.0,4870900
2019-01-16,346.0,346.0,350.0,320.0,350.0,2741700
2019-01-17,332.0,332.0,354.0,332.0,346.0,1920700
2019-01-18,340.0,340.0,340.0,310.0,332.0,2079400
2019-01-21,316.0,316.0,340.0,310.0,340.0,2876300
2019-01-22,318.0,318.0,322.0,296.0,320.0,2793700
2019-01-23,312.0,312.0,318.0,292.0,318.0,2084300
2019-01-24,302.0,302.0,312.0,298.0,312.0,1207500
2019-01-25,294.0,294.0,302.0,288.0,302.0,900000
2019-01-28,350.0,350.0,366.0,254.0,294.0,16647600
2019-01-29,300.0,300.0,356.0,298.0,350.0,30905700
2019-01-30,278.0,278.0,320.0,274.0,304.0,19945400
2019-01-31,278.0,278.0,298.0,258.0,278.0,6359500
2019-02-01,280.0,280.0,290.0,256.0,290.0,4160900
2019-02-04,284.0,284.0,284.0,272.0,280.0,1013300
2019-02-05,284.0,284.0,284.0,284.0,284.0,0
2019-02-06,274.0,274.0,288.0,274.0,284.0,1262400
2019-02-07,266.0,266.0,278.0,258.0,274.0,14949300
2019-02-08,260.0,260.0,270.0,260.0,266.0,1461400
2019-02-11,262.0,262.0,268.0,258.0,260.0,941100
2019-02-12,258.0,258.0,262.0,250.0,262.0,1483500
2019-02-13,250.0,250.0,258.0,250.0,258.0,795300
2019-02-14,258.0,258.0,258.0,240.0,250.0,1276900
2019-02-15,258.0,258.0,258.0,244.0,256.0,596700
2019-02-18,266.0,266.0,272.0,250.0,258.0,2416900
2019-02-19,284.0,284.0,284.0,264.0,266.0,4676800
2019-02-20,276.0,276.0,304.0,270.0,284.0,5466100
2019-02-21,276.0,276.0,294.0,258.0,280.0,2780400
2019-02-22,266.0,266.0,290.0,250.0,276.0,7245200
2019-02-25,260.0,260.0,266.0,248.0,266.0,1845300
2019-02-26,240.0,240.0,262.0,236.0,260.0,5262900
2019-02-27,250.0,250.0,250.0,236.0,240.0,2317500
2019-02-28,260.0,260.0,260.0,242.0,250.0,1447000
2019-03-01,268.0,268.0,268.0,246.0,254.0,3933700
2019-03-04,264.0,264.0,268.0,260.0,266.0,1820400
2019-03-05,248.0,248.0,262.0,248.0,262.0,1537000
2019-03-06,238.0,238.0,248.0,236.0,248.0,2253300
2019-03-07,238.0,238.0,238.0,238.0,238.0,0
2019-03-08,226.0,226.0,250.0,226.0,238.0,2586400
2019-03-11,220.0,220.0,238.0,218.0,226.0,1561100
2019-03-12,224.0,224.0,230.0,220.0,230.0,229900
2019-03-13,218.0,218.0,222.0,214.0,220.0,350400
2019-03-14,214.0,214.0,224.0,212.0,212.0,1192900
2019-03-15,212.0,212.0,214.0,210.0,212.0,238700
2019-03-18,214.0,214.0,214.0,210.0,214.0,951800
2019-03-19,212.0,212.0,214.0,212.0,214.0,47400
2019-03-20,214.0,214.0,216.0,212.0,216.0,112100
2019-03-21,210.0,210.0,214.0,210.0,214.0,622900
2019-03-22,202.0,202.0,228.0,198.0,210.0,4571800
2019-03-25,192.0,192.0,200.0,191.0,200.0,445600
2019-03-26,193.0,193.0,200.0,192.0,200.0,303800
2019-03-27,228.0,228.0,242.0,192.0,195.0,11552200
2019-03-28,212.0,212.0,238.0,206.0,230.0,5686200
2019-03-29,204.0,204.0,210.0,200.0,210.0,1182800
2019-04-01,200.0,200.0,202.0,198.0,202.0,499300
2019-04-02,200.0,200.0,206.0,197.0,198.0,504500
2019-04-03,200.0,200.0,200.0,200.0,200.0,0
2019-04-04,198.0,198.0,202.0,197.0,202.0,437800
2019-04-05,199.0,199.0,200.0,197.0,198.0,191100
2019-04-08,200.0,200.0,200.0,198.0,200.0,308000
2019-04-09,198.0,198.0,200.0,198.0,198.0,1943000
2019-04-10,198.0,198.0,199.0,197.0,198.0,168800
2019-04-11,192.0,192.0,202.0,192.0,198.0,3015400
2019-04-12,190.0,190.0,195.0,180.0,191.0,692900
2019-04-15,194.0,194.0,194.0,190.0,194.0,250700
2019-04-16,193.0,193.0,194.0,188.0,194.0,952400
2019-04-17,193.0,193.0,193.0,193.0,193.0,0
2019-04-18,190.0,190.0,193.0,190.0,193.0,159000
2019-04-19,190.0,190.0,190.0,190.0,190.0,0
2019-04-22,185.0,185.0,190.0,180.0,190.0,359500
2019-04-23,182.0,182.0,191.0,178.0,185.0,1518300
2019-04-24,183.0,183.0,185.0,182.0,182.0,186500
2019-04-25,183.0,183.0,183.0,178.0,183.0,199000
2019-04-26,185.0,185.0,185.0,180.0,183.0,318500
2019-04-29,180.0,180.0,185.0,180.0,185.0,131800
2019-04-30,183.0,183.0,183.0,179.0,180.0,427000
2019-05-01,183.0,183.0,183.0,183.0,183.0,0
2019-05-02,183.0,183.0,183.0,176.0,180.0,321800
2019-05-03,175.0,175.0,183.0,175.0,183.0,284500
2019-05-06,176.0,176.0,181.0,173.0,175.0,287900
2019-05-07,176.0,176.0,176.0,170.0,176.0,278500
2019-05-08,174.0,174.0,176.0,168.0,176.0,214900
2019-05-09,174.0,174.0,174.0,168.0,174.0,239500
2019-05-10,174.0,174.0,174.0,170.0,171.0,152300
2019-05-13,171.0,171.0,174.0,171.0,172.0,87600
2019-05-14,171.0,171.0,171.0,169.0,171.0,368100
2019-05-15,175.0,175.0,175.0,164.0,171.0,456000
2019-05-16,166.0,166.0,174.0,166.0,173.0,79700
2019-05-17,158.0,158.0,166.0,150.0,166.0,98000
2019-05-20,162.0,162.0,166.0,156.0,158.0,267300
2019-05-21,160.0,160.0,162.0,159.0,162.0,42200
2019-05-22,162.0,162.0,162.0,150.0,160.0,270300
2019-05-23,162.0,162.0,162.0,158.0,160.0,85700
2019-05-24,162.0,162.0,162.0,159.0,162.0,40900
2019-05-27,162.0,162.0,162.0,160.0,162.0,176800
2019-05-28,162.0,162.0,162.0,160.0,162.0,3208000
2019-05-29,162.0,162.0,162.0,160.0,162.0,35100
2019-05-30,162.0,162.0,162.0,162.0,162.0,0
2019-05-31,165.0,165.0,165.0,159.0,162.0,434200
2019-06-03,165.0,165.0,165.0,165.0,165.0,0
2019-06-04,165.0,165.0,165.0,165.0,165.0,0
2019-06-05,165.0,165.0,165.0,165.0,165.0,0
2019-06-06,165.0,165.0,165.0,165.0,165.0,0
2019-06-07,165.0,165.0,165.0,165.0,165.0,0
2019-06-10,162.0,162.0,165.0,160.0,165.0,193000
2019-06-11,162.0,162.0,163.0,160.0,162.0,215800
2019-06-12,162.0,162.0,162.0,160.0,162.0,263000
2019-06-13,161.0,161.0,162.0,158.0,160.0,188400
2019-06-14,160.0,160.0,161.0,157.0,161.0,218400
2019-06-17,158.0,158.0,160.0,155.0,160.0,321100
2019-06-18,158.0,158.0,159.0,156.0,157.0,298100
2019-06-20,157.0,157.0,157.0,155.0,156.0,114900
2019-06-21,157.0,157.0,157.0,153.0,157.0,481500
2019-06-24,153.0,153.0,157.0,153.0,157.0,379700
2019-06-25,155.0,155.0,155.0,150.0,153.0,677300
2019-06-26,154.0,154.0,155.0,152.0,155.0,243500
2019-06-27,152.0,152.0,154.0,152.0,154.0,204400
2019-06-28,154.0,154.0,154.0,151.0,152.0,475900
2019-07-01,154.0,154.0,154.0,153.0,154.0,144800
2019-07-02,153.0,153.0,154.0,152.0,154.0,250700
2019-07-03,153.0,153.0,153.0,151.0,153.0,284600
2019-07-04,153.0,153.0,153.0,151.0,153.0,261000
2019-07-05,153.0,153.0,153.0,151.0,153.0,180000
2019-07-08,152.0,152.0,153.0,151.0,153.0,204200
2019-07-09,150.0,150.0,152.0,148.0,152.0,357100
2019-07-10,149.0,149.0,150.0,149.0,150.0,259600
2019-07-11,150.0,150.0,151.0,147.0,149.0,315400
2019-07-12,148.0,148.0,150.0,145.0,150.0,260800
2019-07-15,146.0,146.0,148.0,145.0,148.0,205600
2019-07-16,143.0,143.0,146.0,143.0,146.0,127800
2019-07-17,141.0,141.0,144.0,140.0,143.0,297000
2019-07-18,139.0,139.0,141.0,136.0,141.0,173800
2019-07-19,139.0,139.0,139.0,137.0,138.0,70600
2019-07-22,136.0,136.0,139.0,132.0,137.0,503200
2019-07-23,183.0,183.0,183.0,135.0,136.0,28190600
2019-07-24,230.0,230.0,242.0,185.0,185.0,56166100
2019-07-25,196.0,196.0,268.0,195.0,230.0,35683100
2019-07-26,220.0,220.0,242.0,179.0,196.0,36991900
2019-07-29,202.0,202.0,226.0,200.0,222.0,15365200
2019-07-30,181.0,181.0,204.0,181.0,202.0,7409100
2019-07-31,204.0,204.0,214.0,171.0,181.0,26744300
2019-08-01,190.0,190.0,206.0,190.0,206.0,7271800
2019-08-02,180.0,180.0,195.0,174.0,191.0,2861200
2019-08-05,182.0,182.0,210.0,173.0,180.0,12455000
2019-08-06,175.0,175.0,188.0,172.0,185.0,4356200
2019-08-07,177.0,177.0,192.0,172.0,177.0,8420800
2019-08-08,176.0,176.0,183.0,175.0,178.0,3648900
2019-08-09,177.0,177.0,180.0,171.0,171.0,2256200
2019-08-12,173.0,173.0,177.0,172.0,172.0,1394800
2019-08-13,165.0,165.0,176.0,164.0,171.0,3457500
2019-08-14,159.0,159.0,175.0,156.0,171.0,7961700
2019-08-15,157.0,157.0,160.0,150.0,158.0,2648400
2019-08-16,152.0,152.0,163.0,152.0,158.0,7782800
2019-08-19,152.0,152.0,157.0,150.0,152.0,4600900
2019-08-20,152.0,152.0,159.0,150.0,150.0,7319500
2019-08-21,144.0,144.0,151.0,140.0,142.0,3925200
2019-08-22,170.0,170.0,182.0,147.0,148.0,50192000
2019-08-23,151.0,151.0,173.0,151.0,171.0,11979000
2019-08-26,146.0,146.0,156.0,142.0,154.0,4442200
2019-08-27,148.0,148.0,152.0,136.0,136.0,3780900
2019-08-28,144.0,144.0,150.0,141.0,145.0,1800200
2019-08-29,149.0,149.0,158.0,145.0,150.0,5852400
2019-08-30,144.0,144.0,150.0,142.0,145.0,1623900
2019-09-02,142.0,142.0,147.0,137.0,144.0,1697700
2019-09-03,139.0,139.0,143.0,138.0,142.0,1407600
2019-09-04,143.0,143.0,153.0,139.0,140.0,3961600
2019-09-05,145.0,145.0,148.0,142.0,143.0,1196200
2019-09-06,144.0,144.0,148.0,142.0,145.0,1086000
2019-09-09,144.0,144.0,146.0,140.0,140.0,1130100
2019-09-10,144.0,144.0,148.0,140.0,140.0,2403200
2019-09-11,145.0,145.0,150.0,140.0,140.0,3026900
2019-09-12,143.0,143.0,147.0,143.0,144.0,984000
2019-09-13,143.0,143.0,146.0,140.0,140.0,1529800
2019-09-16,141.0,141.0,146.0,139.0,139.0,983100
2019-09-17,140.0,140.0,142.0,140.0,140.0,917000
2019-09-18,141.0,141.0,145.0,140.0,140.0,1306300
2019-09-19,142.0,142.0,143.0,140.0,140.0,831800
2019-09-20,140.0,140.0,144.0,136.0,136.0,440700
2019-09-23,137.0,137.0,142.0,137.0,137.0,781800
2019-09-24,136.0,136.0,139.0,133.0,137.0,1084900
2019-09-25,137.0,137.0,141.0,135.0,135.0,472000
2019-09-26,137.0,137.0,140.0,127.0,127.0,774900
2019-09-27,137.0,137.0,139.0,136.0,139.0,223200
2019-09-30,136.0,136.0,139.0,134.0,136.0,613000
2019-10-01,135.0,135.0,144.0,126.0,126.0,1597700
2019-10-02,133.0,133.0,139.0,125.0,125.0,800700
2019-10-03,135.0,135.0,145.0,133.0,133.0,3687000
2019-10-04,134.0,134.0,137.0,131.0,131.0,483100
2019-10-07,133.0,133.0,140.0,124.0,124.0,355500
2019-10-08,130.0,130.0,134.0,129.0,133.0,732600
2019-10-09,134.0,134.0,135.0,120.0,120.0,854500
2019-10-10,130.0,130.0,138.0,128.0,129.0,1037000
2019-10-11,131.0,131.0,133.0,126.0,126.0,539100
2019-10-14,129.0,129.0,134.0,126.0,127.0,1025200
2019-10-15,130.0,130.0,131.0,126.0,126.0,471200
2019-10-16,132.0,132.0,133.0,127.0,127.0,562700
2019-10-17,131.0,131.0,135.0,122.0,122.0,429100
2019-10-18,131.0,131.0,132.0,124.0,124.0,297500
2019-10-21,132.0,132.0,133.0,128.0,128.0,472500
2019-10-22,132.0,132.0,135.0,122.0,122.0,876500
2019-10-23,128.0,128.0,133.0,123.0,128.0,738200
2019-10-24,127.0,127.0,130.0,118.0,118.0,740400
2019-10-25,125.0,125.0,129.0,124.0,126.0,1100400
2019-10-28,124.0,124.0,125.0,121.0,125.0,1083900
2019-10-29,127.0,127.0,138.0,122.0,124.0,3286700
2019-10-30,126.0,126.0,129.0,123.0,123.0,575500
2019-10-31,124.0,124.0,128.0,123.0,123.0,599100
2019-11-01,123.0,123.0,126.0,122.0,124.0,415400
2019-11-04,123.0,123.0,127.0,123.0,123.0,1653300
2019-11-05,123.0,123.0,126.0,121.0,126.0,351300
2019-11-06,123.0,123.0,128.0,122.0,123.0,963300
2019-11-07,119.0,119.0,123.0,118.0,123.0,611900
2019-11-08,102.0,102.0,119.0,99.0,115.0,2526100
2019-11-11,109.0,109.0,120.0,100.0,102.0,5418400
2019-11-12,111.0,111.0,118.0,110.0,115.0,2378500
2019-11-13,109.0,109.0,115.0,109.0,114.0,458600
2019-11-14,108.0,108.0,113.0,107.0,107.0,432500
2019-11-15,102.0,102.0,111.0,98.0,98.0,962800
2019-11-18,100.0,100.0,105.0,100.0,102.0,577900
2019-11-19,96.0,96.0,104.0,90.0,90.0,1299400
2019-11-20,96.0,96.0,98.0,95.0,96.0,810900
2019-11-21,96.0,96.0,99.0,86.0,86.0,197700
2019-11-22,98.0,98.0,102.0,91.0,91.0,670200
2019-11-25,98.0,98.0,100.0,95.0,98.0,323800
2019-11-26,98.0,98.0,98.0,88.0,88.0,412000
2019-11-27,90.0,90.0,102.0,89.0,96.0,1002900
2019-11-28,100.0,100.0,121.0,87.0,87.0,6975700
2019-11-29,100.0,100.0,105.0,94.0,102.0,1538600
2019-12-02,105.0,105.0,110.0,90.0,90.0,982300
2019-12-03,110.0,110.0,122.0,95.0,95.0,2311200
2019-12-04,105.0,105.0,115.0,101.0,101.0,930400
2019-12-05,120.0,120.0,138.0,105.0,111.0,8852800
2019-12-06,113.0,113.0,125.0,111.0,120.0,2015600
2019-12-09,118.0,118.0,123.0,113.0,113.0,875600
2019-12-10,118.0,118.0,119.0,115.0,118.0,313600
2019-12-11,113.0,113.0,118.0,109.0,118.0,505600
2019-12-12,112.0,112.0,115.0,106.0,106.0,310000
2019-12-13,112.0,112.0,118.0,102.0,102.0,165900
2019-12-16,112.0,112.0,116.0,102.0,102.0,161600
2019-12-17,110.0,110.0,112.0,106.0,106.0,196700
2019-12-18,109.0,109.0,112.0,100.0,100.0,87800
2019-12-19,110.0,110.0,112.0,99.0,99.0,222900
2019-12-20,110.0,110.0,112.0,104.0,108.0,196100
2019-12-23,108.0,108.0,111.0,107.0,110.0,67000
2019-12-26,110.0,110.0,112.0,107.0,108.0,26100
2019-12-27,107.0,107.0,110.0,104.0,108.0,378100
2019-12-30,119.0,119.0,125.0,97.0,97.0,5249800
2020-01-02,113.0,113.0,125.0,113.0,120.0,452700
2020-01-03,111.0,111.0,114.0,108.0,114.0,257800
2020-01-06,111.0,111.0,114.0,110.0,111.0,257900
2020-01-07,112.0,112.0,114.0,111.0,114.0,228900
2020-01-08,110.0,110.0,115.0,108.0,115.0,584100
2020-01-09,113.0,113.0,119.0,110.0,113.0,595800
2020-01-10,114.0,114.0,118.0,113.0,117.0,344400
2020-01-13,119.0,119.0,121.0,114.0,114.0,1030400
2020-01-14,115.0,115.0,120.0,115.0,120.0,173000
2020-01-15,115.0,115.0,117.0,113.0,115.0,226100
2020-01-16,115.0,115.0,119.0,115.0,118.0,158100
2020-01-17,110.0,110.0,118.0,107.0,118.0,299400
2020-01-20,114.0,114.0,117.0,110.0,110.0,258700
2020-01-21,111.0,111.0,116.0,111.0,116.0,248700
2020-01-22,113.0,113.0,114.0,110.0,111.0,268200
2020-01-23,112.0,112.0,114.0,110.0,114.0,109400
2020-01-24,110.0,110.0,111.0,108.0,110.0,97900
2020-01-27,100.0,100.0,116.0,100.0,111.0,545100
2020-01-28,105.0,105.0,110.0,95.0,103.0,344000
2020-01-29,104.0,104.0,106.0,104.0,105.0,117900
2020-01-30,103.0,103.0,106.0,101.0,104.0,252100
2020-01-31,99.0,99.0,103.0,98.0,103.0,283000
2020-02-03,99.0,99.0,100.0,94.0,99.0,67100
2020-02-04,100.0,100.0,105.0,89.0,89.0,54500
2020-02-05,100.0,100.0,102.0,90.0,90.0,68500
2020-02-06,101.0,101.0,101.0,99.0,100.0,61600
2020-02-07,100.0,100.0,102.0,100.0,100.0,31000
2020-02-10,98.0,98.0,100.0,98.0,100.0,114300
2020-02-11,100.0,100.0,100.0,96.0,98.0,516800
2020-02-12,100.0,100.0,100.0,99.0,99.0,95900
2020-02-13,99.0,99.0,100.0,98.0,100.0,130300
2020-02-14,97.0,97.0,99.0,97.0,99.0,26700
2020-02-17,94.0,94.0,97.0,94.0,97.0,156500
2020-02-18,93.0,93.0,99.0,93.0,94.0,94500
2020-02-19,94.0,94.0,98.0,90.0,93.0,672900
2020-02-20,93.0,93.0,95.0,91.0,94.0,253000
2020-02-21,90.0,90.0,93.0,90.0,93.0,235400
2020-02-24,89.0,89.0,92.0,86.0,92.0,83000
2020-02-25,83.0,83.0,91.0,81.0,91.0,396300
2020-02-26,80.0,80.0,84.0,78.0,83.0,333200
2020-02-27,71.0,71.0,78.0,66.0,78.0,1213800
2020-02-28,58.0,58.0,68.0,55.0,61.0,1244800
2020-03-02,55.0,55.0,65.0,50.0,50.0,533400
2020-03-03,74.0,74.0,74.0,58.0,58.0,634200
2020-03-04,99.0,99.0,99.0,78.0,78.0,908200
2020-03-05,112.0,112.0,132.0,101.0,107.0,2899600
2020-03-06,105.0,105.0,110.0,99.0,110.0,1613400
2020-03-09,86.0,86.0,102.0,83.0,100.0,1438100
2020-03-10,95.0,95.0,95.0,78.0,78.0,381400
2020-03-11,90.0,90.0,102.0,90.0,102.0,202200
2020-03-12,82.0,82.0,87.0,81.0,87.0,188000
2020-03-13,77.0,77.0,80.0,77.0,80.0,198800
2020-03-16,78.0,78.0,83.0,72.0,72.0,85500
2020-03-17,75.0,75.0,81.0,73.0,73.0,157000
2020-03-18,70.0,70.0,75.0,70.0,70.0,134700
2020-03-19,66.0,66.0,67.0,66.0,66.0,190500
2020-03-20,81.0,81.0,89.0,62.0,62.0,642000
2020-03-23,79.0,79.0,90.0,76.0,76.0,175400
2020-03-24,80.0,80.0,86.0,74.0,74.0,192500
2020-03-26,79.0,79.0,90.0,79.0,90.0,534600
2020-03-27,80.0,80.0,85.0,79.0,81.0,269900
2020-03-30,88.0,88.0,95.0,78.0,80.0,19200
2020-03-31,84.0,84.0,95.0,83.0,95.0,219200
2020-04-01,82.0,82.0,90.0,82.0,90.0,122100
2020-04-02,84.0,84.0,84.0,80.0,84.0,198900
2020-04-03,82.0,82.0,93.0,80.0,80.0,233100
2020-04-06,86.0,86.0,90.0,80.0,90.0,253100
2020-04-07,85.0,85.0,87.0,80.0,80.0,96600
2020-04-08,85.0,85.0,85.0,80.0,80.0,30700
2020-04-09,85.0,85.0,85.0,80.0,80.0,168600
2020-04-13,82.0,82.0,88.0,81.0,81.0,50300
2020-04-14,85.0,85.0,86.0,82.0,82.0,120700
2020-04-15,80.0,80.0,88.0,80.0,85.0,225500
2020-04-16,82.0,82.0,85.0,75.0,75.0,199600
2020-04-17,82.0,82.0,84.0,77.0,77.0,83200
2020-04-20,81.0,81.0,83.0,79.0,79.0,57000
2020-04-21,81.0,81.0,83.0,80.0,83.0,21700
2020-04-22,81.0,81.0,82.0,76.0,76.0,30800
2020-04-23,79.0,79.0,85.0,79.0,81.0,75100
2020-04-24,85.0,85.0,86.0,79.0,79.0,510800
2020-04-27,81.0,81.0,85.0,81.0,85.0,74500
2020-04-28,86.0,86.0,91.0,82.0,82.0,983700
2020-04-29,85.0,85.0,87.0,84.0,87.0,183500
2020-04-30,86.0,86.0,88.0,85.0,85.0,224300
2020-05-04,85.0,85.0,86.0,80.0,86.0,102200
2020-05-05,83.0,83.0,88.0,82.0,85.0,67600
2020-05-06,86.0,86.0,86.0,81.0,83.0,65400
2020-05-08,85.0,85.0,87.0,85.0,86.0,43400
2020-05-11,86.0,86.0,87.0,82.0,85.0,58100
2020-05-12,86.0,86.0,91.0,86.0,87.0,211600
2020-05-13,85.0,85.0,91.0,84.0,86.0,219200
2020-05-14,85.0,85.0,89.0,85.0,85.0,211500
2020-05-15,88.0,88.0,90.0,85.0,85.0,346800
2020-05-18,85.0,85.0,90.0,85.0,88.0,32200
2020-05-19,85.0,85.0,88.0,84.0,85.0,267600
2020-05-20,85.0,85.0,89.0,85.0,85.0,29500
2020-05-26,85.0,85.0,88.0,85.0,85.0,183300
2020-05-27,86.0,86.0,88.0,85.0,85.0,26900
2020-05-28,82.0,82.0,87.0,80.0,80.0,470700
2020-05-29,82.0,82.0,85.0,80.0,82.0,55600
2020-06-02,85.0,85.0,85.0,82.0,82.0,44700
2020-06-03,84.0,84.0,87.0,80.0,80.0,455100
2020-06-04,85.0,85.0,86.0,80.0,80.0,65400
2020-06-05,114.0,114.0,114.0,80.0,80.0,4735100
2020-06-08,107.0,107.0,137.0,107.0,125.0,7542000
2020-06-09,125.0,125.0,144.0,100.0,100.0,18625300
2020-06-10,119.0,119.0,149.0,117.0,117.0,3408100
2020-06-11,118.0,118.0,144.0,111.0,111.0,4783800
2020-06-12,128.0,128.0,135.0,110.0,110.0,15288100
2020-06-15,120.0,120.0,137.0,120.0,120.0,10342500
2020-06-16,125.0,125.0,133.0,119.0,120.0,9007700
2020-06-17,123.0,123.0,130.0,117.0,117.0,5483900
2020-06-18,122.0,122.0,125.0,115.0,115.0,263100
2020-06-19,127.0,127.0,134.0,120.0,120.0,3828200
2020-06-22,124.0,124.0,127.0,123.0,127.0,370900
2020-06-23,123.0,123.0,130.0,122.0,125.0,747400
2020-06-24,124.0,124.0,126.0,123.0,123.0,69500
2020-06-25,138.0,138.0,144.0,122.0,124.0,2851700
2020-06-26,129.0,129.0,138.0,129.0,138.0,383400
2020-06-29,120.0,120.0,137.0,120.0,125.0,4964100
2020-06-30,140.0,140.0,140.0,112.0,120.0,5476500
2020-07-01,131.0,131.0,138.0,131.0,131.0,1658800
2020-07-02,145.0,145.0,145.0,122.0,126.0,5924500
2020-07-03,135.0,135.0,140.0,135.0,136.0,733500
2020-07-06,126.0,126.0,132.0,126.0,132.0,2597300
2020-07-07,119.0,119.0,127.0,118.0,127.0,5700000
2020-07-08,118.0,118.0,124.0,111.0,111.0,788100
2020-07-09,119.0,119.0,123.0,118.0,118.0,1118900
2020-07-10,131.0,131.0,131.0,111.0,111.0,4308400
2020-07-13,127.0,127.0,131.0,122.0,131.0,2119800
2020-07-14,128.0,128.0,129.0,119.0,123.0,13039000
2020-07-15,120.0,120.0,128.0,120.0,120.0,4981600
2020-07-16,121.0,121.0,129.0,112.0,112.0,10011100
2020-07-17,123.0,123.0,126.0,113.0,113.0,9608800
2020-07-20,122.0,122.0,125.0,115.0,115.0,5632200
2020-07-21,124.0,124.0,124.0,114.0,114.0,5698600
2020-07-22,122.0,122.0,124.0,119.0,124.0,10605700
2020-07-23,125.0,125.0,125.0,118.0,123.0,5864300
2020-07-24,124.0,124.0,125.0,119.0,125.0,4988800
2020-07-27,123.0,123.0,125.0,116.0,116.0,5866600
2020-07-28,115.0,115.0,123.0,115.0,120.0,3069700
2020-07-29,117.0,117.0,119.0,115.0,116.0,1048700
2020-07-30,117.0,117.0,119.0,114.0,114.0,571700
2020-08-03,116.0,116.0,119.0,109.0,109.0,856400
2020-08-04,120.0,120.0,125.0,108.0,108.0,7243900
2020-08-05,115.0,115.0,124.0,114.0,114.0,14640800
2020-08-06,117.0,117.0,117.0,114.0,114.0,6012200
2020-08-07,115.0,115.0,117.0,112.0,114.0,7663000
2020-08-10,125.0,125.0,125.0,112.0,112.0,3428400
2020-08-11,140.0,140.0,140.0,117.0,126.0,7679800
2020-08-12,131.0,131.0,131.0,131.0,131.0,234100
2020-08-13,122.0,122.0,129.0,122.0,129.0,3436700
2020-08-14,164.0,164.0,164.0,114.0,114.0,4130000
2020-08-18,153.0,153.0,162.0,153.0,162.0,153000
2020-08-19,143.0,143.0,148.0,143.0,143.0,1174300
2020-08-24,133.0,133.0,143.0,133.0,143.0,1528800
2020-08-25,124.0,124.0,133.0,124.0,130.0,852500
2020-08-26,119.0,119.0,124.0,116.0,124.0,5730600
2020-08-27,121.0,121.0,128.0,117.0,119.0,5562500
2020-08-28,124.0,124.0,132.0,119.0,121.0,9094400
2020-08-31,116.0,116.0,124.0,116.0,124.0,12730700
2020-09-01,115.0,115.0,118.0,110.0,116.0,1828900
2020-09-02,116.0,116.0,119.0,112.0,115.0,1942700
2020-09-03,113.0,113.0,116.0,112.0,116.0,6133400
2020-09-04,123.0,123.0,136.0,113.0,113.0,54685600
2020-09-07,126.0,126.0,130.0,118.0,125.0,20429900
2020-09-08,121.0,121.0,128.0,120.0,128.0,9562500
2020-09-09,121.0,121.0,123.0,119.0,120.0,2255200
2020-09-10,116.0,116.0,121.0,113.0,121.0,5113200
2020-09-11,124.0,124.0,124.0,108.0,110.0,5224500
2020-09-14,134.0,134.0,134.0,119.0,124.0,21902800
2020-09-15,125.0,125.0,135.0,125.0,134.0,2988900
2020-09-16,119.0,119.0,124.0,119.0,124.0,3243900
2020-09-17,118.0,118.0,122.0,118.0,119.0,2964000
2020-09-18,118.0,118.0,120.0,118.0,119.0,1483300
2020-09-21,120.0,120.0,125.0,117.0,118.0,6339800
2020-09-22,117.0,117.0,121.0,117.0,120.0,1350500
2020-09-23,116.0,116.0,120.0,116.0,118.0,1078300
2020-09-24,115.0,115.0,120.0,115.0,116.0,753300
2020-09-25,115.0,115.0,118.0,115.0,118.0,872200
2020-09-28,113.0,113.0,117.0,113.0,115.0,914500
2020-09-29,115.0,115.0,117.0,114.0,114.0,675800
2020-09-30,114.0,114.0,115.0,107.0,107.0,879400
2020-10-01,113.0,113.0,118.0,107.0,107.0,1760200
2020-10-02,112.0,112.0,115.0,110.0,110.0,644200
2020-10-05,106.0,106.0,113.0,106.0,110.0,927600
2020-10-06,114.0,114.0,121.0,106.0,108.0,8679800
2020-10-07,114.0,114.0,118.0,110.0,114.0,3828300
2020-10-08,115.0,115.0,119.0,114.0,117.0,4283700
2020-10-09,112.0,112.0,117.0,112.0,115.0,779000
2020-10-12,114.0,114.0,116.0,113.0,113.0,661700
2020-10-13,114.0,114.0,115.0,113.0,114.0,439800
2020-10-14,113.0,113.0,116.0,113.0,115.0,1386900
2020-10-15,115.0,115.0,115.0,113.0,113.0,970600
2020-10-16,113.0,113.0,116.0,113.0,115.0,474300
2020-10-19,117.0,117.0,121.0,109.0,113.0,5770000
2020-10-20,114.0,114.0,119.0,113.0,113.0,1338600
2020-10-21,112.0,112.0,117.0,112.0,115.0,1164600
2020-10-22,112.0,112.0,115.0,112.0,112.0,329400
2020-10-23,112.0,112.0,114.0,110.0,110.0,154700
2020-10-26,108.0,108.0,112.0,106.0,106.0,2860900
2020-10-27,107.0,107.0,110.0,101.0,101.0,420700
2020-11-02,100.0,100.0,111.0,100.0,105.0,2945000
2020-11-03,99.0,99.0,104.0,93.0,93.0,1683200
2020-11-04,100.0,100.0,104.0,98.0,98.0,1355500
2020-11-05,101.0,101.0,102.0,99.0,102.0,1337300
2020-11-06,100.0,100.0,112.0,95.0,95.0,5303300
2020-11-09,101.0,101.0,106.0,99.0,99.0,3626200
2020-11-10,101.0,101.0,103.0,99.0,100.0,1305300
2020-11-11,102.0,102.0,102.0,98.0,98.0,976200
2020-11-12,102.0,102.0,103.0,99.0,99.0,166600
2020-11-13,104.0,104.0,105.0,99.0,99.0,1105400
2020-11-16,102.0,102.0,105.0,101.0,101.0,1049100
2020-11-17,103.0,103.0,104.0,101.0,102.0,736400
2020-11-18,104.0,104.0,107.0,103.0,106.0,2520100
2020-11-19,105.0,105.0,105.0,98.0,98.0,895900
2020-11-20,104.0,104.0,105.0,102.0,105.0,583200
2020-11-23,107.0,107.0,111.0,104.0,105.0,5612800
2020-11-24,106.0,106.0,108.0,106.0,107.0,929500
2020-11-25,106.0,106.0,109.0,105.0,108.0,912900
2020-11-26,105.0,105.0,107.0,105.0,107.0,468700
2020-11-27,106.0,106.0,112.0,104.0,105.0,1177100
2020-11-30,104.0,104.0,107.0,103.0,107.0,832300
2020-12-01,104.0,104.0,105.0,103.0,105.0,415800
2020-12-02,105.0,105.0,105.0,103.0,104.0,519700
2020-12-03,105.0,105.0,106.0,103.0,105.0,304800
2020-12-04,104.0,104.0,106.0,104.0,105.0,370900
2020-12-07,106.0,106.0,107.0,104.0,105.0,925700
2020-12-08,107.0,107.0,108.0,104.0,106.0,1110600
2020-12-10,107.0,107.0,110.0,105.0,107.0,996400
2020-12-11,106.0,106.0,109.0,106.0,107.0,884000
2020-12-14,106.0,106.0,108.0,106.0,106.0,676700
2020-12-15,105.0,105.0,106.0,105.0,106.0,421500
2020-12-16,106.0,106.0,106.0,104.0,105.0,389400
2020-12-17,106.0,106.0,107.0,105.0,106.0,402200
2020-12-18,105.0,105.0,107.0,104.0,106.0,389500
2020-12-21,105.0,105.0,106.0,103.0,105.0,418900
2020-12-22,105.0,105.0,108.0,104.0,106.0,516400
2020-12-23,104.0,104.0,106.0,103.0,106.0,291300
2020-12-28,107.0,107.0,108.0,104.0,104.0,984100
2020-12-29,105.0,105.0,107.0,105.0,107.0,240200
2020-12-30,103.0,103.0,106.0,103.0,104.0,247600
2021-01-04,102.0,102.0,104.0,100.0,104.0,392800
2021-01-05,104.0,104.0,105.0,101.0,102.0,136600
2021-01-06,103.0,103.0,106.0,102.0,104.0,4738000
2021-01-07,120.0,120.0,120.0,102.0,103.0,3567800
2021-01-08,112.0,112.0,123.0,112.0,121.0,4592500
2021-01-11,105.0,105.0,112.0,105.0,112.0,2937400
2021-01-12,110.0,110.0,120.0,102.0,105.0,5596300
2021-01-13,108.0,108.0,112.0,105.0,110.0,1828600
2021-01-14,103.0,103.0,108.0,102.0,108.0,4369100
2021-01-15,103.0,103.0,105.0,103.0,103.0,1306500
2021-01-18,104.0,104.0,106.0,102.0,104.0,1482100
2021-01-19,103.0,103.0,105.0,101.0,104.0,1697800
2021-01-20,101.0,101.0,105.0,101.0,103.0,1642000
2021-01-21,102.0,102.0,105.0,100.0,101.0,1764100
2021-01-22,99.0,99.0,104.0,99.0,102.0,1597700
2021-01-25,98.0,98.0,101.0,97.0,99.0,464900
2021-01-26,100.0,100.0,101.0,97.0,98.0,1298200
2021-01-27,98.0,98.0,103.0,94.0,100.0,957900
2021-01-28,98.0,98.0,104.0,92.0,98.0,2352700
2021-01-29,99.0,99.0,103.0,93.0,98.0,353300
2021-02-01,97.0,97.0,99.0,94.0,99.0,415900
2021-02-02,98.0,98.0,100.0,97.0,98.0,48900
2021-02-03,98.0,98.0,100.0,98.0,100.0,254300
2021-02-04,104.0,104.0,104.0,98.0,98.0,1221000
2021-02-05,110.0,110.0,110.0,97.0,104.0,8955700
2021-02-08,113.0,113.0,113.0,103.0,110.0,5057100
2021-02-09,111.0,111.0,114.0,106.0,113.0,7378000
2021-02-10,109.0,109.0,109.0,104.0,109.0,8463000
2021-02-11,102.0,102.0,109.0,102.0,109.0,4009200
2021-02-15,104.0,104.0,106.0,101.0,102.0,2844700
2021-02-16,107.0,107.0,107.0,101.0,104.0,2709800
2021-02-17,110.0,110.0,110.0,100.0,107.0,13502100
2021-02-18,105.0,105.0,112.0,103.0,110.0,10083200
2021-02-19,106.0,106.0,108.0,100.0,103.0,8949000
2021-02-22,102.0,102.0,110.0,102.0,106.0,9496500
2021-02-23,104.0,104.0,108.0,102.0,102.0,2318800
2021-02-24,104.0,104.0,106.0,103.0,104.0,2085900
2021-02-25,101.0,101.0,105.0,101.0,104.0,10466100
2021-02-26,102.0,102.0,102.0,99.0,101.0,3446800
2021-03-01,102.0,102.0,103.0,100.0,102.0,817800
2021-03-02,100.0,100.0,103.0,100.0,103.0,378200
2021-03-03,100.0,100.0,103.0,100.0,102.0,1934500
2021-03-04,99.0,99.0,101.0,99.0,101.0,1010800
2021-03-05,103.0,103.0,105.0,95.0,99.0,5682500
2021-03-08,101.0,101.0,104.0,99.0,103.0,3307700
2021-03-09,101.0,101.0,102.0,99.0,101.0,1810200
2021-03-10,100.0,100.0,102.0,99.0,101.0,2236800
2021-03-12,99.0,99.0,101.0,99.0,100.0,704200
2021-03-15,99.0,99.0,100.0,98.0,100.0,1277000
2021-03-16,101.0,101.0,101.0,99.0,100.0,692900
2021-03-17,99.0,99.0,101.0,98.0,101.0,1011300
2021-03-18,100.0,100.0,100.0,96.0,100.0,4529400
2021-03-19,100.0,100.0,101.0,98.0,100.0,736100
2021-03-22,105.0,105.0,105.0,96.0,100.0,6552600
2021-03-23,108.0,108.0,108.0,98.0,104.0,13687300
2021-03-24,114.0,114.0,114.0,101.0,110.0,18737900
2021-03-25,113.0,113.0,114.0,107.0,112.0,24488000
2021-03-26,108.0,108.0,112.0,107.0,107.0,17768600
2021-03-29,101.0,101.0,108.0,101.0,108.0,8401700
2021-03-30,101.0,101.0,101.0,96.0,100.0,7552500
2021-03-31,96.0,96.0,101.0,96.0,101.0,5191500
2021-04-01,107.0,107.0,107.0,96.0,96.0,6068800
2021-04-05,106.0,106.0,107.0,100.0,107.0,15578500
2021-04-06,103.0,103.0,110.0,101.0,106.0,20281400
2021-04-07,104.0,104.0,105.0,100.0,103.0,7769900
2021-04-08,99.0,99.0,104.0,99.0,104.0,10000900
2021-04-09,99.0,99.0,101.0,97.0,100.0,2505700
2021-04-12,98.0,98.0,101.0,98.0,101.0,1605700
2021-04-13,98.0,98.0,100.0,98.0,100.0,759500
2021-04-14,98.0,98.0,100.0,98.0,99.0,1569800
2021-04-15,99.0,99.0,99.0,97.0,99.0,1017100
2021-04-16,103.0,103.0,116.0,98.0,99.0,42042900
2021-04-19,113.0,113.0,113.0,100.0,103.0,19128200
2021-04-20,129.0,129.0,146.0,106.0,112.0,111159100
2021-04-21,135.0,135.0,138.0,124.0,129.0,47955200
2021-04-22,126.0,126.0,136.0,126.0,126.0,8680000
2021-04-23,123.0,123.0,132.0,122.0,126.0,10654500
2021-04-26,123.0,123.0,132.0,120.0,128.0,10257800
2021-04-27,121.0,121.0,134.0,120.0,122.0,35229300
2021-04-28,121.0,121.0,125.0,120.0,120.0,3556700
2021-04-29,123.0,123.0,127.0,120.0,121.0,13698700
2021-04-30,126.0,126.0,128.0,121.0,123.0,13692400
2021-05-03,123.0,123.0,126.0,120.0,126.0,6128300
2021-05-04,119.0,119.0,124.0,115.0,123.0,7784200
2021-05-05,123.0,123.0,125.0,117.0,119.0,24374800
2021-05-06,121.0,121.0,124.0,115.0,115.0,7542400
2021-05-07,118.0,118.0,122.0,113.0,113.0,4257500
2021-05-10,116.0,116.0,120.0,116.0,118.0,2739900
2021-05-11,113.0,113.0,118.0,110.0,116.0,9446700
2021-05-17,106.0,106.0,113.0,106.0,112.0,7725700
2021-05-18,104.0,104.0,111.0,100.0,105.0,12249200
2021-05-19,103.0,103.0,109.0,101.0,101.0,2929800
2021-05-20,106.0,106.0,117.0,101.0,101.0,27797400
2021-05-21,103.0,103.0,110.0,103.0,106.0,4700000
2021-05-24,103.0,103.0,106.0,101.0,103.0,2017500
2021-05-25,102.0,102.0,106.0,101.0,105.0,2255100
2021-05-27,104.0,104.0,108.0,103.0,103.0,2698500
2021-05-28,104.0,104.0,108.0,104.0,104.0,4309700
2021-05-31,102.0,102.0,106.0,102.0,104.0,2638300
2021-06-02,103.0,103.0,105.0,102.0,102.0,2598000
2021-06-03,105.0,105.0,116.0,102.0,103.0,30504300
2021-06-04,106.0,106.0,109.0,104.0,105.0,6160900
2021-06-07,106.0,106.0,109.0,105.0,106.0,3854800
2021-06-08,104.0,104.0,107.0,104.0,107.0,1999400
2021-06-09,104.0,104.0,108.0,103.0,103.0,2083700
2021-06-10,105.0,105.0,108.0,104.0,104.0,1774300
2021-06-11,105.0,105.0,107.0,104.0,106.0,658900
2021-06-14,104.0,104.0,106.0,103.0,104.0,964000
2021-06-15,113.0,113.0,120.0,103.0,104.0,31279200
2021-06-16,107.0,107.0,113.0,106.0,112.0,12780500
2021-06-17,106.0,106.0,109.0,105.0,109.0,1482700
2021-06-18,105.0,105.0,108.0,103.0,108.0,2426100
2021-06-21,102.0,102.0,107.0,98.0,107.0,5481400
2021-06-22,102.0,102.0,105.0,101.0,102.0,3365100
2021-06-23,106.0,106.0,106.0,102.0,104.0,3198600
2021-06-24,104.0,104.0,108.0,103.0,108.0,1795400
2021-06-25,103.0,103.0,106.0,103.0,106.0,1646900
2021-06-28,103.0,103.0,106.0,102.0,106.0,991900
2021-06-29,103.0,103.0,105.0,102.0,105.0,404800
2021-06-30,103.0,103.0,105.0,102.0,105.0,756800
2021-07-01,102.0,102.0,104.0,102.0,104.0,892100
2021-07-02,102.0,102.0,104.0,101.0,104.0,518600
2021-07-05,102.0,102.0,107.0,101.0,102.0,8117700
2021-07-06,102.0,102.0,104.0,101.0,104.0,7754800
2021-07-07,102.0,102.0,104.0,101.0,102.0,4344400
2021-07-08,102.0,102.0,103.0,101.0,102.0,554400
2021-07-09,103.0,103.0,103.0,101.0,102.0,1543700
2021-07-12,101.0,101.0,104.0,101.0,104.0,290700
2021-07-13,102.0,102.0,103.0,100.0,102.0,3945600
2021-07-14,100.0,100.0,102.0,100.0,102.0,587500
2021-07-15,100.0,100.0,101.0,100.0,100.0,577900
2021-07-16,99.0,99.0,101.0,99.0,101.0,943600
2021-07-19,99.0,99.0,100.0,98.0,100.0,1194900
2021-07-21,100.0,100.0,102.0,99.0,99.0,1844200
2021-07-22,99.0,99.0,101.0,99.0,100.0,578300
2021-07-23,99.0,99.0,100.0,99.0,100.0,751100
2021-07-26,99.0,99.0,102.0,98.0,100.0,1392200
2021-07-27,99.0,99.0,100.0,98.0,99.0,1212100
2021-07-28,98.0,98.0,99.0,98.0,99.0,642300
2021-07-29,98.0,98.0,100.0,97.0,100.0,1583000
2021-07-30,97.0,97.0,98.0,97.0,98.0,655700
2021-08-02,98.0,98.0,98.0,96.0,97.0,473800
2021-08-03,96.0,96.0,98.0,94.0,98.0,959000
2021-08-04,99.0,99.0,104.0,96.0,96.0,2001800
2021-08-05,99.0,99.0,100.0,97.0,99.0,525600
2021-08-06,97.0,97.0,99.0,96.0,99.0,1580300
2021-08-09,97.0,97.0,98.0,96.0,97.0,643600
2021-08-10,95.0,95.0,98.0,95.0,98.0,317300
2021-08-12,94.0,94.0,97.0,93.0,95.0,839200
2021-08-13,93.0,93.0,97.0,92.0,92.0,1576400
2021-08-16,92.0,92.0,94.0,91.0,93.0,549000
2021-08-18,92.0,92.0,106.0,90.0,91.0,27383000
2021-08-19,88.0,88.0,93.0,86.0,92.0,2879000
2021-08-20,89.0,89.0,92.0,86.0,88.0,1453600
2021-08-23,90.0,90.0,94.0,83.0,83.0,2216600
2021-08-24,91.0,91.0,93.0,85.0,85.0,575600
2021-08-25,92.0,92.0,94.0,90.0,90.0,1258200
2021-08-26,91.0,91.0,94.0,87.0,87.0,1155800
2021-08-27,91.0,91.0,92.0,89.0,90.0,211100
2021-08-30,91.0,91.0,93.0,87.0,87.0,573200
2021-08-31,91.0,91.0,92.0,88.0,88.0,365600
2021-09-01,91.0,91.0,92.0,89.0,91.0,563600
2021-09-02,90.0,90.0,92.0,90.0,91.0,809700
2021-09-03,93.0,93.0,95.0,90.0,92.0,1229200
2021-09-06,92.0,92.0,94.0,88.0,94.0,1541500
2021-09-07,91.0,91.0,92.0,90.0,92.0,495100
2021-09-08,91.0,91.0,93.0,90.0,91.0,520900
2021-09-09,91.0,91.0,92.0,90.0,91.0,502400
2021-09-10,91.0,91.0,93.0,91.0,91.0,998700
2021-09-13,91.0,91.0,92.0,90.0,91.0,522300
2021-09-14,92.0,92.0,93.0,91.0,91.0,455200
2021-09-15,95.0,95.0,104.0,91.0,91.0,12882100
2021-09-16,96.0,96.0,100.0,93.0,93.0,9695800
2021-09-17,94.0,94.0,97.0,93.0,94.0,2236400
2021-09-20,98.0,98.0,105.0,94.0,95.0,32020800
2021-09-21,99.0,99.0,101.0,95.0,95.0,6739400
2021-09-22,101.0,101.0,102.0,98.0,99.0,5621700
2021-09-23,96.0,96.0,102.0,96.0,101.0,5612100
2021-09-24,91.0,91.0,97.0,90.0,96.0,6206800
2021-09-27,122.0,122.0,122.0,90.0,92.0,166879400
2021-09-28,114.0,114.0,132.0,114.0,131.0,8941100
2021-09-29,107.0,107.0,107.0,107.0,107.0,1812700
2021-09-30,100.0,100.0,117.0,100.0,100.0,72426600
2021-10-01,97.0,97.0,104.0,93.0,93.0,14499600
2021-10-04,95.0,95.0,101.0,93.0,93.0,12706700
2021-10-05,94.0,94.0,96.0,92.0,95.0,7982400
2021-10-06,94.0,94.0,97.0,93.0,94.0,4545600
2021-10-07,100.0,100.0,106.0,93.0,94.0,56627000
2021-10-08,98.0,98.0,103.0,97.0,100.0,6324300
2021-10-11,95.0,95.0,100.0,95.0,97.0,2006500
2021-10-12,95.0,95.0,98.0,94.0,95.0,2778500
2021-10-13,95.0,95.0,97.0,93.0,94.0,2251100
2021-10-14,93.0,93.0,97.0,91.0,97.0,4290900
2021-10-15,95.0,95.0,101.0,93.0,94.0,14056000
2021-10-18,95.0,95.0,97.0,93.0,93.0,1877200
2021-10-19,99.0,99.0,104.0,94.0,94.0,20221800
2021-10-21,110.0,110.0,133.0,101.0,101.0,155154700
2021-10-22,107.0,107.0,124.0,105.0,112.0,53245000
2021-10-25,132.0,132.0,139.0,109.0,109.0,151976600
2021-10-26,123.0,123.0,133.0,123.0,132.0,24156600
2021-10-27,120.0,120.0,129.0,115.0,115.0,15884000
2021-10-28,120.0,120.0,126.0,116.0,122.0,6003100
2021-10-29,119.0,119.0,124.0,117.0,118.0,5475100
2021-11-01,116.0,116.0,120.0,112.0,112.0,3443500
2021-11-02,119.0,119.0,129.0,109.0,109.0,54115100
2021-11-03,118.0,118.0,121.0,112.0,112.0,7077100
2021-11-04,117.0,117.0,119.0,111.0,111.0,3274800
2021-11-05,115.0,115.0,117.0,114.0,116.0,3916100
2021-11-08,114.0,114.0,125.0,110.0,118.0,6372100
2021-11-09,122.0,122.0,124.0,108.0,108.0,37339700
2021-11-10,125.0,125.0,135.0,115.0,115.0,62513100
2021-11-11,131.0,131.0,133.0,123.0,125.0,36047800
2021-11-12,132.0,132.0,135.0,123.0,123.0,11640600
2021-11-15,135.0,135.0,143.0,129.0,132.0,27727700
2021-11-16,133.0,133.0,137.0,126.0,126.0,4513300
2021-11-17,127.0,127.0,135.0,124.0,124.0,4391900
2021-11-18,130.0,130.0,135.0,119.0,119.0,4507900
2021-11-19,128.0,128.0,132.0,121.0,121.0,1727700
2021-11-22,129.0,129.0,136.0,125.0,128.0,12739100
2021-11-23,129.0,129.0,130.0,120.0,120.0,3731900
2021-11-24,128.0,128.0,131.0,128.0,128.0,636500
2021-11-25,126.0,126.0,131.0,126.0,128.0,909700
2021-11-26,126.0,126.0,130.0,124.0,126.0,2833400
2021-11-29,125.0,125.0,129.0,124.0,124.0,658400
2021-11-30,120.0,120.0,128.0,117.0,118.0,4164400
2021-12-01,115.0,115.0,120.0,113.0,120.0,3649400
2021-12-02,115.0,115.0,120.0,111.0,114.0,1023400
2021-12-03,123.0,123.0,135.0,110.0,110.0,3662800
2021-12-06,119.0,119.0,125.0,116.0,116.0,414800
2021-12-07,117.0,117.0,120.0,115.0,115.0,558500
2021-12-08,118.0,118.0,124.0,115.0,115.0,480600
2021-12-09,118.0,118.0,121.0,115.0,115.0,362400
2021-12-10,120.0,120.0,122.0,119.0,119.0,1598600
2021-12-13,116.0,116.0,121.0,116.0,119.0,697600
2021-12-14,117.0,117.0,118.0,109.0,109.0,1740300
2021-12-15,117.0,117.0,118.0,115.0,115.0,248300
2021-12-16,116.0,116.0,118.0,110.0,110.0,98500
2021-12-17,121.0,121.0,126.0,113.0,113.0,5138500
2021-12-20,131.0,131.0,132.0,121.0,121.0,6459700
2021-12-21,124.0,124.0,133.0,122.0,122.0,3913000
2021-12-22,123.0,123.0,126.0,118.0,118.0,4353200
2021-12-23,126.0,126.0,126.0,116.0,116.0,8812200
2021-12-24,127.0,127.0,129.0,122.0,126.0,433900
2021-12-27,128.0,128.0,130.0,126.0,127.0,572200
2021-12-28,127.0,127.0,135.0,123.0,128.0,634100
2021-12-29,127.0,127.0,127.0,125.0,127.0,576500
2021-12-30,133.0,133.0,142.0,127.0,129.0,17029500
2022-01-03,136.0,136.0,139.0,128.0,131.0,1253400
2022-01-04,130.0,130.0,138.0,130.0,136.0,940600
2022-01-05,128.0,128.0,133.0,125.0,125.0,348900
2022-01-06,130.0,130.0,131.0,121.0,121.0,1034200
2022-01-07,131.0,131.0,136.0,128.0,130.0,2250200
2022-01-10,131.0,131.0,134.0,128.0,129.0,1113500
2022-01-11,127.0,127.0,132.0,123.0,123.0,586700
2022-01-12,128.0,128.0,130.0,125.0,127.0,347200
2022-01-13,127.0,127.0,131.0,125.0,128.0,864100
2022-01-14,123.0,123.0,127.0,122.0,126.0,1034700
2022-01-17,124.0,124.0,128.0,120.0,123.0,1034400
2022-01-18,125.0,125.0,125.0,121.0,125.0,155700
2022-01-19,140.0,140.0,140.0,121.0,124.0,3202300
2022-01-20,137.0,137.0,147.0,133.0,138.0,2877300
2022-01-21,145.0,145.0,146.0,129.0,129.0,5254200
2022-01-24,143.0,143.0,149.0,138.0,146.0,2285400
2022-01-25,136.0,136.0,147.0,135.0,136.0,606500
2022-01-26,136.0,136.0,140.0,131.0,131.0,505600
2022-01-27,134.0,134.0,137.0,132.0,137.0,248700
2022-01-28,135.0,135.0,140.0,132.0,134.0,264800
2022-01-31,133.0,133.0,136.0,130.0,133.0,362900
2022-02-02,130.0,130.0,134.0,129.0,133.0,605400
2022-02-03,127.0,127.0,134.0,125.0,132.0,3281400
2022-02-04,133.0,133.0,134.0,129.0,132.0,625800
2022-02-07,131.0,131.0,134.0,131.0,133.0,304700
2022-02-08,129.0,129.0,132.0,129.0,131.0,301400
2022-02-09,129.0,129.0,131.0,128.0,130.0,443400
2022-02-10,127.0,127.0,131.0,127.0,130.0,726800
2022-02-11,128.0,128.0,130.0,127.0,129.0,172100
2022-02-14,132.0,132.0,134.0,128.0,128.0,1458200
2022-02-15,132.0,132.0,133.0,130.0,132.0,1777700
2022-02-16,132.0,132.0,134.0,127.0,132.0,1279200
2022-02-17,131.0,131.0,133.0,131.0,132.0,313400
2022-02-18,131.0,131.0,133.0,123.0,123.0,2509700
2022-02-21,132.0,132.0,133.0,127.0,127.0,8248600
2022-02-22,132.0,132.0,133.0,123.0,123.0,608500
2022-02-23,130.0,130.0,132.0,123.0,123.0,628400
2022-02-24,128.0,128.0,130.0,121.0,121.0,358000
2022-02-25,128.0,128.0,130.0,120.0,120.0,176700
2022-03-01,126.0,126.0,128.0,126.0,128.0,224600
2022-03-02,125.0,125.0,126.0,118.0,118.0,120000
2022-03-04,124.0,124.0,127.0,117.0,117.0,82900
2022-03-07,125.0,125.0,127.0,116.0,116.0,89200
2022-03-08,127.0,127.0,127.0,124.0,125.0,204000
2022-03-09,124.0,124.0,127.0,119.0,119.0,51900
2022-03-10,126.0,126.0,128.0,123.0,124.0,178300
2022-03-11,126.0,126.0,126.0,118.0,118.0,28900
2022-03-14,129.0,129.0,129.0,120.0,120.0,2265300
2022-03-15,127.0,127.0,129.0,121.0,124.0,2803800
2022-03-16,131.0,131.0,134.0,126.0,127.0,16341100
2022-03-17,132.0,132.0,136.0,131.0,133.0,10134300
2022-03-18,127.0,127.0,132.0,126.0,132.0,980600
2022-03-21,127.0,127.0,128.0,127.0,127.0,226600
2022-03-22,126.0,126.0,129.0,125.0,127.0,78400
2022-03-23,126.0,126.0,126.0,125.0,126.0,137400
2022-03-24,123.0,123.0,125.0,123.0,124.0,246800
2022-03-25,122.0,122.0,124.0,121.0,123.0,155300
2022-03-28,122.0,122.0,123.0,121.0,122.0,96900
2022-03-29,124.0,124.0,126.0,122.0,122.0,51300
2022-03-30,125.0,125.0,127.0,121.0,125.0,149900
2022-03-31,124.0,124.0,125.0,123.0,125.0,122700
2022-04-01,122.0,122.0,124.0,122.0,123.0,76800
2022-04-04,119.0,119.0,125.0,116.0,123.0,1088100
2022-04-05,120.0,120.0,124.0,118.0,119.0,1196400
2022-04-06,120.0,120.0,123.0,119.0,120.0,161300
2022-04-07,120.0,120.0,122.0,120.0,120.0,87100
2022-04-08,118.0,118.0,120.0,117.0,120.0,2196100
2022-04-11,121.0,121.0,125.0,119.0,119.0,10276600
2022-04-12,119.0,119.0,123.0,118.0,122.0,305900
2022-04-13,117.0,117.0,119.0,116.0,119.0,2138800
2022-04-14,117.0,117.0,120.0,113.0,117.0,1811800
2022-04-18,118.0,118.0,119.0,116.0,117.0,3734400
2022-04-19,118.0,118.0,119.0,117.0,118.0,486800
2022-04-20,117.0,117.0,119.0,115.0,119.0,2088000
2022-04-21,117.0,117.0,117.0,115.0,117.0,1788400
2022-04-22,119.0,119.0,119.0,117.0,117.0,1803200
2022-04-25,115.0,115.0,119.0,115.0,119.0,1100800
2022-04-26,112.0,112.0,118.0,107.0,118.0,926900
2022-04-27,108.0,108.0,112.0,107.0,112.0,1395500
2022-04-28,109.0,109.0,113.0,109.0,109.0,56100
2022-05-09,109.0,109.0,110.0,108.0,109.0,163600
2022-05-10,109.0,109.0,117.0,109.0,109.0,65900
2022-05-11,108.0,108.0,113.0,107.0,107.0,1888100
2022-05-12,107.0,107.0,107.0,102.0,102.0,384400
2022-05-13,104.0,104.0,107.0,104.0,106.0,125100
2022-05-17,104.0,104.0,108.0,103.0,103.0,131600
2022-05-18,104.0,104.0,105.0,103.0,104.0,52000
2022-05-19,104.0,104.0,105.0,103.0,103.0,72500
2022-05-20,106.0,106.0,107.0,103.0,104.0,155200
2022-05-23,132.0,132.0,135.0,102.0,106.0,939200
2022-05-24,123.0,123.0,129.0,123.0,129.0,325100
2022-05-25,115.0,115.0,115.0,115.0,115.0,9316400
2022-05-27,107.0,107.0,112.0,107.0,107.0,31399500
2022-05-30,107.0,107.0,109.0,103.0,106.0,1514900
2022-05-31,106.0,106.0,108.0,105.0,107.0,1298300
2022-06-02,106.0,106.0,107.0,105.0,107.0,451000
2022-06-03,104.0,104.0,106.0,103.0,106.0,911900
2022-06-06,105.0,105.0,106.0,103.0,104.0,348600
2022-06-07,105.0,105.0,106.0,104.0,105.0,243400
2022-06-08,104.0,104.0,105.0,104.0,104.0,185800
2022-06-09,103.0,103.0,108.0,103.0,104.0,2718000
2022-06-10,104.0,104.0,105.0,100.0,103.0,1030300
2022-06-13,102.0,102.0,104.0,100.0,102.0,238200
2022-06-14,104.0,104.0,105.0,95.0,95.0,1442100
2022-06-15,102.0,102.0,106.0,98.0,98.0,168800
2022-06-16,103.0,103.0,105.0,102.0,102.0,354200
2022-06-17,103.0,103.0,105.0,102.0,103.0,100200
2022-06-20,103.0,103.0,103.0,102.0,103.0,63400
2022-06-21,103.0,103.0,103.0,102.0,103.0,70700
2022-06-22,102.0,102.0,106.0,102.0,102.0,739300
2022-06-23,106.0,106.0,110.0,102.0,102.0,1749800
2022-06-24,108.0,108.0,110.0,103.0,103.0,854600
2022-06-27,106.0,106.0,110.0,102.0,102.0,53900
2022-06-28,106.0,106.0,108.0,102.0,106.0,1102400
2022-06-29,105.0,105.0,107.0,102.0,106.0,322500
2022-06-30,105.0,105.0,107.0,104.0,106.0,193100
2022-07-01,103.0,103.0,105.0,102.0,105.0,29000
2022-07-04,104.0,104.0,107.0,101.0,103.0,275600
2022-07-05,102.0,102.0,104.0,101.0,104.0,175400
2022-07-06,102.0,102.0,104.0,101.0,103.0,211900
2022-07-07,103.0,103.0,105.0,101.0,102.0,272000
2022-07-08,105.0,105.0,106.0,102.0,102.0,715400
2022-07-11,104.0,104.0,106.0,103.0,106.0,97200
2022-07-12,107.0,107.0,107.0,102.0,106.0,245600
2022-07-13,103.0,103.0,106.0,103.0,106.0,176400
2022-07-14,103.0,103.0,104.0,102.0,102.0,92200
2022-07-15,105.0,105.0,105.0,102.0,103.0,116600
2022-07-18,99.0,99.0,105.0,98.0,105.0,1350700
2022-07-19,102.0,102.0,104.0,95.0,95.0,938000
2022-07-20,103.0,103.0,105.0,101.0,104.0,468200
2022-07-21,102.0,102.0,103.0,101.0,103.0,202900
2022-07-22,102.0,102.0,103.0,101.0,102.0,36000
2022-07-25,117.0,117.0,134.0,101.0,102.0,14915000
2022-07-26,114.0,114.0,120.0,112.0,119.0,1397700
2022-07-27,114.0,114.0,118.0,112.0,114.0,912300
2022-07-28,114.0,114.0,118.0,112.0,114.0,834600
2022-07-29,112.0,112.0,114.0,112.0,114.0,243500
2022-08-01,109.0,109.0,116.0,108.0,110.0,463500
2022-08-02,108.0,108.0,118.0,104.0,104.0,260000
2022-08-03,109.0,109.0,111.0,102.0,102.0,229900
2022-08-04,110.0,110.0,118.0,109.0,109.0,652800
2022-08-05,110.0,110.0,116.0,109.0,109.0,218900
2022-08-08,110.0,110.0,113.0,104.0,104.0,97900
2022-08-09,111.0,111.0,111.0,109.0,109.0,30000
2022-08-10,109.0,109.0,113.0,104.0,104.0,48400
2022-08-11,109.0,109.0,110.0,109.0,109.0,11600
2022-08-12,111.0,111.0,113.0,109.0,109.0,216400
2022-08-15,109.0,109.0,112.0,108.0,109.0,43800
2022-08-16,110.0,110.0,111.0,103.0,103.0,201100
2022-08-18,110.0,110.0,110.0,104.0,104.0,56800
2022-08-19,109.0,109.0,111.0,103.0,103.0,81300
2022-08-22,109.0,109.0,113.0,103.0,103.0,31500
2022-08-23,110.0,110.0,112.0,108.0,108.0,294900
2022-08-24,108.0,108.0,111.0,106.0,108.0,328100
2022-08-25,109.0,109.0,110.0,106.0,108.0,339400
2022-08-26,107.0,107.0,110.0,102.0,109.0,325700
2022-08-29,106.0,106.0,112.0,104.0,107.0,79400
2022-08-30,106.0,106.0,109.0,106.0,108.0,213800
2022-08-31,109.0,109.0,112.0,107.0,109.0,93400
2022-09-01,108.0,108.0,109.0,107.0,108.0,49200
2022-09-02,108.0,108.0,110.0,105.0,106.0,46300
2022-09-05,110.0,110.0,110.0,107.0,108.0,1684900
2022-09-06,108.0,108.0,113.0,107.0,112.0,320700
2022-09-07,106.0,106.0,110.0,106.0,108.0,109000
2022-09-08,114.0,114.0,123.0,107.0,107.0,4757700
2022-09-09,109.0,109.0,116.0,109.0,114.0,627200
2022-09-12,109.0,109.0,114.0,109.0,109.0,467600
2022-09-13,110.0,110.0,112.0,109.0,109.0,1018100
2022-09-14,109.0,109.0,110.0,109.0,110.0,48900
2022-09-15,111.0,111.0,111.0,109.0,109.0,120300
2022-09-16,108.0,108.0,111.0,108.0,111.0,149600
2022-09-19,107.0,107.0,109.0,107.0,109.0,140400
2022-09-20,107.0,107.0,109.0,106.0,109.0,302600
2022-09-21,107.0,107.0,109.0,107.0,108.0,26100
2022-09-22,107.0,107.0,112.0,107.0,108.0,45400
2022-09-23,109.0,109.0,109.0,107.0,109.0,80000
2022-09-26,108.0,108.0,111.0,108.0,109.0,57800
2022-09-27,111.0,111.0,120.0,107.0,108.0,1146000
2022-09-28,122.0,122.0,131.0,108.0,111.0,5461200
2022-09-29,114.0,114.0,123.0,114.0,122.0,1059000
2022-09-30,107.0,107.0,113.0,107.0,113.0,1198100
2022-10-03,104.0,104.0,108.0,100.0,107.0,2753900
2022-10-04,113.0,113.0,116.0,102.0,104.0,3735100
2022-10-05,108.0,108.0,117.0,108.0,117.0,608700
2022-10-06,109.0,109.0,111.0,107.0,108.0,101400
2022-10-07,129.0,129.0,141.0,107.0,109.0,18301000
2022-10-10,120.0,120.0,130.0,120.0,129.0,3185800
2022-10-11,113.0,113.0,129.0,112.0,120.0,8289900
2022-10-12,114.0,114.0,116.0,111.0,113.0,1062200
2022-10-13,107.0,107.0,115.0,107.0,115.0,1266900
2022-10-14,105.0,105.0,115.0,104.0,108.0,1522700
2022-10-17,106.0,106.0,110.0,104.0,107.0,664600
2022-10-18,106.0,106.0,107.0,105.0,106.0,496200
2022-10-19,105.0,105.0,106.0,102.0,105.0,1006100
2022-10-20,106.0,106.0,107.0,104.0,105.0,460900
2022-10-21,106.0,106.0,107.0,103.0,103.0,248300
2022-10-24,112.0,112.0,133.0,106.0,106.0,32443100
2022-10-25,109.0,109.0,118.0,107.0,113.0,12334800
2022-10-26,115.0,115.0,116.0,109.0,110.0,2966800
2022-10-27,119.0,119.0,120.0,115.0,115.0,2265200
2022-10-28,119.0,119.0,121.0,117.0,119.0,2268600
2022-10-31,120.0,120.0,123.0,113.0,113.0,604900
2022-11-01,120.0,120.0,136.0,119.0,120.0,10364400
2022-11-02,120.0,120.0,124.0,119.0,120.0,1253200
2022-11-03,121.0,121.0,125.0,120.0,120.0,490500
2022-11-04,120.0,120.0,123.0,120.0,123.0,272300
2022-11-07,115.0,115.0,120.0,115.0,119.0,220400
2022-11-08,114.0,114.0,115.0,113.0,115.0,49800
2022-11-09,114.0,114.0,117.0,114.0,114.0,163200
2022-11-10,117.0,117.0,117.0,113.0,114.0,89000
2022-11-11,114.0,114.0,118.0,113.0,117.0,184300
2022-11-14,113.0,113.0,118.0,111.0,114.0,307400
2022-11-15,113.0,113.0,115.0,111.0,111.0,456000
2022-11-16,112.0,112.0,113.0,109.0,113.0,532800
2022-11-17,115.0,115.0,128.0,109.0,111.0,2571600
2022-11-18,118.0,118.0,120.0,114.0,116.0,1549100
2022-11-21,118.0,118.0,121.0,117.0,118.0,677000
2022-11-22,118.0,118.0,136.0,116.0,116.0,13710500
2022-11-23,128.0,128.0,155.0,124.0,125.0,47198900
2022-11-24,121.0,121.0,130.0,120.0,121.0,5216600
2022-11-25,121.0,121.0,127.0,116.0,118.0,4131700
2022-11-28,122.0,122.0,127.0,118.0,118.0,4317700
2022-11-29,125.0,125.0,132.0,115.0,115.0,7845500
2022-11-30,127.0,127.0,133.0,124.0,125.0,3012000
2022-12-01,128.0,128.0,142.0,124.0,124.0,15681100
2022-12-02,122.0,122.0,130.0,122.0,129.0,1379000
2022-12-05,122.0,122.0,128.0,122.0,122.0,472900
2022-12-06,121.0,121.0,122.0,119.0,122.0,752700
2022-12-07,120.0,120.0,129.0,120.0,124.0,659000
2022-12-08,121.0,121.0,123.0,116.0,122.0,658500
2022-12-09,123.0,123.0,124.0,117.0,123.0,400400
2022-12-12,124.0,124.0,125.0,120.0,123.0,529600
2022-12-13,122.0,122.0,125.0,122.0,125.0,623500
2022-12-14,124.0,124.0,129.0,122.0,122.0,294400
2022-12-15,125.0,125.0,127.0,123.0,127.0,317500
2022-12-16,124.0,124.0,127.0,120.0,125.0,1451300
2022-12-19,124.0,124.0,127.0,124.0,125.0,1460100
2022-12-20,124.0,124.0,126.0,123.0,125.0,265600
2022-12-21,120.0,120.0,126.0,120.0,124.0,713500
2022-12-22,121.0,121.0,124.0,121.0,124.0,123500
2022-12-23,123.0,123.0,125.0,122.0,125.0,834900
2022-12-26,123.0,123.0,125.0,121.0,125.0,267100
2022-12-27,117.0,117.0,155.0,115.0,124.0,37965700
2022-12-28,120.0,120.0,121.0,116.0,116.0,5545400
2022-12-29,116.0,116.0,120.0,116.0,120.0,1236600
2022-12-30,111.0,111.0,118.0,111.0,116.0,1461000
2023-01-02,105.0,105.0,113.0,104.0,113.0,3815600
2023-01-03,110.0,110.0,111.0,103.0,105.0,1410200
2023-01-04,113.0,113.0,115.0,104.0,104.0,1485100
2023-01-05,107.0,107.0,115.0,107.0,113.0,674800
2023-01-06,108.0,108.0,111.0,105.0,108.0,339300
2023-01-09,107.0,107.0,111.0,106.0,110.0,145000
2023-01-10,104.0,104.0,111.0,100.0,106.0,2415000
2023-01-11,106.0,106.0,106.0,97.0,106.0,1019400
2023-01-12,105.0,105.0,107.0,104.0,107.0,162500
2023-01-13,104.0,104.0,106.0,104.0,104.0,131400
2023-01-16,106.0,106.0,109.0,105.0,105.0,776000
2023-01-17,108.0,108.0,109.0,104.0,107.0,522600
2023-01-18,108.0,108.0,109.0,106.0,108.0,96900
2023-01-19,109.0,109.0,110.0,106.0,106.0,73300
2023-01-20,108.0,108.0,110.0,105.0,109.0,400800
2023-01-24,108.0,108.0,108.0,106.0,108.0,56300
2023-01-25,106.0,106.0,107.0,105.0,107.0,212900
2023-01-26,108.0,108.0,109.0,105.0,106.0,513500
2023-01-27,107.0,107.0,108.0,106.0,108.0,123400
2023-01-30,106.0,106.0,108.0,105.0,105.0,212600
2023-01-31,106.0,106.0,108.0,100.0,100.0,97800
2023-02-01,106.0,106.0,108.0,100.0,100.0,184500
2023-02-02,108.0,108.0,111.0,105.0,105.0,334300
2023-02-03,106.0,106.0,108.0,105.0,105.0,71400
2023-02-06,107.0,107.0,109.0,105.0,105.0,130200
2023-02-07,107.0,107.0,108.0,102.0,102.0,101400
2023-02-08,108.0,108.0,110.0,107.0,110.0,279800
2023-02-09,107.0,107.0,109.0,105.0,105.0,231700
2023-02-10,107.0,107.0,107.0,100.0,100.0,108500
2023-02-13,106.0,106.0,107.0,105.0,106.0,92600
2023-02-14,106.0,106.0,107.0,100.0,100.0,210600
2023-02-15,106.0,106.0,106.0,105.0,105.0,61700
2023-02-16,106.0,106.0,107.0,99.0,99.0,55600
2023-02-17,105.0,105.0,107.0,105.0,106.0,267400
2023-02-20,105.0,105.0,106.0,99.0,99.0,68700
2023-02-21,107.0,107.0,107.0,100.0,100.0,109400
2023-02-22,106.0,106.0,107.0,100.0,100.0,213900
2023-02-23,107.0,107.0,107.0,100.0,100.0,28000
2023-02-24,104.0,104.0,107.0,100.0,100.0,192400
2023-02-27,104.0,104.0,106.0,104.0,104.0,116700
2023-02-28,104.0,104.0,107.0,104.0,104.0,192300
2023-03-01,104.0,104.0,106.0,103.0,103.0,98500
2023-03-02,106.0,106.0,106.0,103.0,104.0,84000
2023-03-03,104.0,104.0,106.0,100.0,100.0,173700
2023-03-06,104.0,104.0,104.0,100.0,100.0,9600
2023-03-07,105.0,105.0,105.0,100.0,100.0,185700
2023-03-08,103.0,103.0,105.0,100.0,100.0,107000
2023-03-09,104.0,104.0,104.0,100.0,100.0,34900
2023-03-10,104.0,104.0,105.0,103.0,104.0,8900
2023-03-13,104.0,104.0,105.0,102.0,104.0,46400
2023-03-14,103.0,103.0,106.0,103.0,103.0,338800
2023-03-15,104.0,104.0,106.0,103.0,103.0,1114100
2023-03-16,103.0,103.0,106.0,100.0,100.0,426900
2023-03-17,104.0,104.0,106.0,100.0,100.0,455400
2023-03-20,99.0,99.0,120.0,97.0,108.0,13279800
2023-03-21,98.0,98.0,100.0,96.0,100.0,349500
2023-03-24,98.0,98.0,100.0,96.0,98.0,785300
2023-03-27,98.0,98.0,99.0,97.0,97.0,321600
2023-03-28,97.0,97.0,99.0,96.0,97.0,237100
2023-03-29,99.0,99.0,99.0,97.0,97.0,219900
2023-03-30,98.0,98.0,99.0,97.0,99.0,99300
2023-03-31,98.0,98.0,101.0,98.0,99.0,180800
2023-04-03,99.0,99.0,101.0,98.0,99.0,113700
2023-04-04,98.0,98.0,103.0,97.0,98.0,390900
2023-04-05,97.0,97.0,99.0,97.0,98.0,65300
2023-04-06,99.0,99.0,99.0,96.0,99.0,312900
2023-04-10,96.0,96.0,99.0,96.0,99.0,149900
2023-04-11,98.0,98.0,99.0,96.0,96.0,126600
2023-04-12,98.0,98.0,98.0,97.0,98.0,63300
2023-04-13,96.0,96.0,99.0,95.0,98.0,161700
2023-04-14,95.0,95.0,97.0,95.0,96.0,51800
2023-04-17,95.0,95.0,97.0,94.0,95.0,431500
2023-04-18,100.0,100.0,108.0,95.0,95.0,1268500
2023-04-26,114.0,114.0,119.0,99.0,100.0,5374100
2023-04-27,120.0,120.0,120.0,107.0,114.0,2532200
2023-04-28,112.0,112.0,115.0,112.0,112.0,444300
2023-05-02,106.0,106.0,110.0,105.0,109.0,176600
2023-05-03,108.0,108.0,117.0,104.0,106.0,336200
2023-05-04,106.0,106.0,108.0,104.0,108.0,59700
2023-05-05,106.0,106.0,110.0,102.0,110.0,402300
2023-05-08,109.0,109.0,109.0,99.0,106.0,1250800
2023-05-09,104.0,104.0,111.0,102.0,109.0,433900
2023-05-10,101.0,101.0,106.0,101.0,103.0,90800
2023-05-11,105.0,105.0,105.0,98.0,102.0,556800
2023-05-12,119.0,119.0,119.0,100.0,102.0,1543700
2023-05-15,120.0,120.0,120.0,111.0,117.0,1494900
2023-05-16,114.0,114.0,119.0,112.0,119.0,471700
2023-05-17,107.0,107.0,114.0,107.0,114.0,524900
2023-05-19,100.0,100.0,107.0,100.0,106.0,1587300
2023-05-22,101.0,101.0,105.0,93.0,100.0,1810600
2023-05-23,100.0,100.0,102.0,96.0,99.0,691400
2023-05-24,98.0,98.0,103.0,98.0,99.0,231900
2023-05-25,108.0,108.0,112.0,96.0,98.0,3177600
2023-05-26,108.0,108.0,108.0,101.0,107.0,1450900
2023-05-29,101.0,101.0,108.0,101.0,108.0,881500
2023-05-30,100.0,100.0,105.0,98.0,101.0,331300
2023-05-31,99.0,99.0,101.0,99.0,100.0,69300
2023-06-05,98.0,98.0,101.0,98.0,99.0,240500
2023-06-06,98.0,98.0,103.0,96.0,98.0,528000
2023-06-07,97.0,97.0,99.0,96.0,98.0,238300
2023-06-08,98.0,98.0,100.0,96.0,96.0,1872700
2023-06-09,98.0,98.0,100.0,97.0,97.0,127500
2023-06-12,97.0,97.0,99.0,96.0,97.0,241600
2023-06-13,97.0,97.0,99.0,96.0,97.0,237800
2023-06-14,97.0,97.0,98.0,96.0,97.0,72500
2023-06-15,95.0,95.0,97.0,95.0,97.0,208000
2023-06-16,95.0,95.0,97.0,95.0,95.0,75200
2023-06-19,95.0,95.0,95.0,94.0,95.0,134700
2023-06-20,94.0,94.0,95.0,93.0,94.0,291400
2023-06-21,88.0,88.0,94.0,80.0,94.0,1467000
2023-06-22,84.0,84.0,88.0,82.0,82.0,343200
2023-06-23,84.0,84.0,88.0,79.0,79.0,321500
2023-06-26,100.0,100.0,103.0,80.0,80.0,2573200
2023-06-27,90.0,90.0,102.0,90.0,93.0,1090600
2023-07-03,89.0,89.0,91.0,85.0,85.0,323700
2023-07-04,88.0,88.0,89.0,83.0,83.0,46700
2023-07-05,89.0,89.0,89.0,84.0,84.0,28500
2023-07-06,88.0,88.0,89.0,87.0,88.0,182600
2023-07-07,98.0,98.0,98.0,87.0,88.0,492700
2023-07-10,90.0,90.0,95.0,89.0,95.0,341800
2023-07-11,90.0,90.0,95.0,89.0,90.0,155500
2023-07-12,91.0,91.0,92.0,88.0,90.0,280100
2023-07-13,90.0,90.0,91.0,89.0,91.0,54000
2023-07-14,92.0,92.0,102.0,90.0,90.0,3942500
2023-07-17,92.0,92.0,93.0,90.0,92.0,213900
2023-07-18,90.0,90.0,95.0,90.0,92.0,384400
2023-07-20,92.0,92.0,92.0,89.0,90.0,236700
2023-07-21,89.0,89.0,92.0,89.0,90.0,184100
2023-07-24,90.0,90.0,91.0,89.0,91.0,224400
2023-07-25,90.0,90.0,93.0,90.0,91.0,170000
2023-07-26,90.0,90.0,91.0,88.0,90.0,201800
2023-07-27,90.0,90.0,91.0,89.0,90.0,50600
2023-07-28,90.0,90.0,91.0,89.0,89.0,134800
2023-07-31,89.0,89.0,91.0,89.0,90.0,213200
2023-08-01,89.0,89.0,91.0,89.0,90.0,150200
2023-08-02,107.0,107.0,107.0,88.0,89.0,2020000
2023-08-03,110.0,110.0,110.0,95.0,107.0,3171400
2023-08-04,101.0,101.0,111.0,99.0,109.0,3085600
2023-08-07,101.0,101.0,103.0,95.0,95.0,174500
2023-08-08,100.0,100.0,103.0,99.0,103.0,85100
2023-08-09,99.0,99.0,100.0,96.0,99.0,228900
2023-08-10,97.0,97.0,99.0,97.0,99.0,90500
2023-08-11,97.0,97.0,99.0,97.0,97.0,38700
2023-08-14,94.0,94.0,98.0,93.0,97.0,206500
2023-08-15,95.0,95.0,98.0,94.0,95.0,91600
2023-08-16,97.0,97.0,97.0,95.0,97.0,21100
2023-08-18,95.0,95.0,97.0,95.0,97.0,96300
2023-08-21,97.0,97.0,97.0,94.0,97.0,13800
2023-08-22,94.0,94.0,97.0,94.0,95.0,54500
2023-08-23,96.0,96.0,96.0,95.0,95.0,9300
2023-08-24,96.0,96.0,98.0,94.0,96.0,206500
2023-08-25,93.0,93.0,97.0,93.0,97.0,77000
2023-08-28,96.0,96.0,97.0,93.0,93.0,413700
2023-08-29,95.0,95.0,95.0,93.0,95.0,42000
2023-08-30,93.0,93.0,96.0,93.0,95.0,70900
2023-08-31,97.0,97.0,99.0,93.0,93.0,110600
2023-09-01,92.0,92.0,98.0,92.0,97.0,77800
2023-09-04,93.0,93.0,96.0,93.0,96.0,39800
2023-09-05,94.0,94.0,95.0,92.0,92.0,49200
2023-09-06,93.0,93.0,95.0,92.0,95.0,22600
2023-09-07,93.0,93.0,95.0,93.0,94.0,119000
2023-09-08,92.0,92.0,93.0,92.0,93.0,24400
2023-09-11,94.0,94.0,94.0,93.0,93.0,18700
2023-09-12,100.0,100.0,100.0,90.0,93.0,1353600
2023-09-13,94.0,94.0,99.0,94.0,97.0,311500
2023-09-14,91.0,91.0,94.0,91.0,94.0,294600
2023-09-15,94.0,94.0,97.0,92.0,93.0,130600
2023-09-18,92.0,92.0,93.0,90.0,93.0,94800
2023-09-19,92.0,92.0,95.0,91.0,92.0,36800
2023-09-20,92.0,92.0,94.0,90.0,91.0,272400
2023-09-21,90.0,90.0,94.0,90.0,92.0,94300
2023-09-22,90.0,90.0,94.0,90.0,94.0,193800
2023-09-25,91.0,91.0,93.0,90.0,93.0,22800
2023-09-26,90.0,90.0,92.0,90.0,90.0,135800
2023-09-27,91.0,91.0,94.0,89.0,90.0,53400
2023-09-29,91.0,91.0,93.0,91.0,92.0,8300
2023-10-02,90.0,90.0,91.0,90.0,91.0,21000
2023-10-03,92.0,92.0,92.0,89.0,90.0,38100
2023-10-04,91.0,91.0,92.0,88.0,90.0,57900
2023-10-05,90.0,90.0,91.0,90.0,91.0,9800
2023-10-06,89.0,89.0,90.0,89.0,90.0,13100
2023-10-09,90.0,90.0,91.0,88.0,90.0,129500
2023-10-10,90.0,90.0,93.0,89.0,89.0,28200
2023-10-11,91.0,91.0,91.0,90.0,91.0,26100
2023-10-12,90.0,90.0,91.0,90.0,90.0,23700
2023-10-13,92.0,92.0,92.0,88.0,90.0,91900
2023-10-16,88.0,88.0,105.0,83.0,92.0,9253100
2023-10-17,89.0,89.0,104.0,85.0,88.0,12286900
2023-10-18,87.0,87.0,93.0,87.0,90.0,1412400
2023-10-19,90.0,90.0,91.0,87.0,88.0,470600
2023-10-20,87.0,87.0,90.0,86.0,90.0,606400
2023-10-23,86.0,86.0,88.0,86.0,88.0,165200
2023-10-24,90.0,90.0,90.0,86.0,87.0,379300
2023-10-25,89.0,89.0,91.0,88.0,90.0,259400
2023-10-26,88.0,88.0,107.0,88.0,88.0,17869700
2023-10-27,88.0,88.0,92.0,88.0,89.0,1193800
2023-10-30,88.0,88.0,92.0,88.0,90.0,782500
2023-10-31,89.0,89.0,106.0,88.0,91.0,20621200
2023-11-01,89.0,89.0,91.0,88.0,90.0,1118700
2023-11-02,91.0,91.0,93.0,89.0,89.0,1043700
2023-11-03,92.0,92.0,94.0,91.0,92.0,553600
2023-11-06,94.0,94.0,96.0,91.0,92.0,2065300
2023-11-07,93.0,93.0,94.0,91.0,94.0,293000
2023-11-08,99.0,99.0,113.0,93.0,93.0,5075400
2023-11-09,108.0,108.0,108.0,97.0,99.0,443600
2023-11-10,102.0,102.0,106.0,100.0,100.0,254500
2023-11-13,101.0,101.0,104.0,99.0,102.0,100600
2023-11-14,104.0,104.0,108.0,99.0,101.0,1172300
2023-11-15,116.0,116.0,123.0,104.0,104.0,5595200
2023-11-16,117.0,117.0,122.0,110.0,117.0,1324100
2023-11-17,119.0,119.0,130.0,112.0,117.0,3030500
2023-11-20,122.0,122.0,130.0,117.0,119.0,7238900
2023-11-21,123.0,123.0,129.0,121.0,122.0,614900
2023-11-22,121.0,121.0,166.0,115.0,123.0,31158100
2023-11-23,118.0,118.0,124.0,115.0,121.0,2534800
2023-11-24,122.0,122.0,132.0,107.0,119.0,8917200
2023-11-27,130.0,130.0,131.0,120.0,123.0,1888400
2023-11-28,122.0,122.0,130.0,122.0,130.0,972800
2023-11-29,119.0,119.0,123.0,117.0,122.0,376100
2023-11-30,118.0,118.0,123.0,117.0,123.0,158500
2023-12-01,117.0,117.0,122.0,115.0,119.0,180400
2023-12-04,120.0,120.0,120.0,115.0,116.0,139100
2023-12-05,115.0,115.0,120.0,113.0,120.0,334100
2023-12-06,116.0,116.0,123.0,109.0,115.0,1285500
2023-12-07,116.0,116.0,119.0,115.0,119.0,31900
2023-12-08,114.0,114.0,116.0,112.0,115.0,68800
2023-12-11,113.0,113.0,117.0,112.0,117.0,74800
2023-12-12,100.0,100.0,114.0,100.0,113.0,480200
2023-12-13,103.0,103.0,110.0,101.0,102.0,380700
2023-12-14,103.0,103.0,104.0,103.0,103.0,26300
2023-12-15,101.0,101.0,105.0,101.0,102.0,127800
2023-12-18,100.0,100.0,103.0,100.0,101.0,165400
2023-12-19,100.0,100.0,103.0,99.0,100.0,47700
2023-12-20,99.0,99.0,105.0,99.0,100.0,100100
2023-12-21,99.0,99.0,103.0,99.0,103.0,89200
2023-12-22,100.0,100.0,101.0,99.0,101.0,13900
2023-12-27,101.0,101.0,101.0,99.0,99.0,35900
2023-12-28,105.0,105.0,110.0,100.0,101.0,852700
2023-12-29,103.0,103.0,106.0,102.0,106.0,223300
2024-01-02,102.0,102.0,102.0,100.0,102.0,101800
2024-01-03,103.0,103.0,107.0,101.0,101.0,752600
2024-01-04,101.0,101.0,107.0,101.0,103.0,749300
2024-01-05,112.0,112.0,112.0,101.0,103.0,651700
2024-01-08,105.0,105.0,112.0,102.0,102.0,224600
2024-01-09,102.0,102.0,106.0,102.0,105.0,94000
2024-01-10,104.0,104.0,105.0,102.0,105.0,42900
2024-01-11,104.0,104.0,105.0,102.0,102.0,136500
2024-01-12,113.0,113.0,113.0,100.0,104.0,952700
2024-01-15,111.0,111.0,114.0,104.0,112.0,824600
2024-01-16,114.0,114.0,121.0,110.0,111.0,500100
2024-01-17,130.0,130.0,130.0,113.0,117.0,3486200
2024-01-18,121.0,121.0,133.0,120.0,130.0,597500
2024-01-19,122.0,122.0,122.0,113.0,121.0,729100
2024-01-22,124.0,124.0,124.0,117.0,122.0,628200
2024-01-23,120.0,120.0,124.0,120.0,124.0,152300
2024-01-24,130.0,130.0,130.0,118.0,121.0,213500
2024-01-25,128.0,128.0,130.0,85.0,128.0,4354600
2024-01-26,125.0,125.0,125.0,105.0,120.0,4131100
2024-01-29,107.0,107.0,120.0,107.0,120.0,3376200
2024-01-30,105.0,105.0,111.0,105.0,107.0,461700
2024-01-31,140.0,140.0,140.0,104.0,105.0,3167300
2024-02-01,153.0,153.0,153.0,116.0,135.0,8227400
2024-02-02,135.0,135.0,152.0,119.0,152.0,22039000
2024-02-05,115.0,115.0,132.0,115.0,132.0,9771500
2024-02-06,116.0,116.0,123.0,111.0,115.0,9007100
2024-02-07,116.0,116.0,123.0,114.0,116.0,5749300
2024-02-12,117.0,117.0,123.0,116.0,118.0,1729000
2024-02-13,114.0,114.0,120.0,101.0,117.0,2826100
2024-02-15,112.0,112.0,115.0,110.0,114.0,607600
2024-02-16,115.0,115.0,118.0,110.0,112.0,934700
2024-02-19,114.0,114.0,117.0,114.0,115.0,237900
2024-02-20,115.0,115.0,117.0,114.0,116.0,375600
2024-02-21,113.0,113.0,118.0,113.0,117.0,237800
2024-02-22,113.0,113.0,115.0,111.0,115.0,112000
2024-02-23,113.0,113.0,113.0,111.0,113.0,57900
2024-02-26,115.0,115.0,115.0,111.0,113.0,209200
2024-02-27,112.0,112.0,115.0,111.0,115.0,71400
2024-02-28,120.0,120.0,121.0,112.0,113.0,316500
2024-02-29,115.0,115.0,120.0,115.0,120.0,476900
2024-03-01,115.0,115.0,117.0,115.0,116.0,34800
2024-03-04,114.0,114.0,116.0,113.0,115.0,67200
2024-03-05,113.0,113.0,114.0,112.0,114.0,72000
2024-03-06,114.0,114.0,115.0,112.0,113.0,53500
2024-03-07,111.0,111.0,114.0,111.0,114.0,145800
2024-03-08,111.0,111.0,113.0,105.0,112.0,131500
2024-03-13,111.0,111.0,113.0,111.0,111.0,86100
2024-03-14,111.0,111.0,115.0,108.0,111.0,95800
2024-03-15,109.0,109.0,113.0,109.0,111.0,164300
2024-03-18,116.0,116.0,116.0,108.0,108.0,303700
2024-03-19,113.0,113.0,117.0,110.0,115.0,469600
2024-03-20,112.0,112.0,114.0,111.0,113.0,61300
2024-03-21,111.0,111.0,113.0,111.0,112.0,62300
2024-03-22,112.0,112.0,113.0,110.0,111.0,70500
2024-03-25,111.0,111.0,113.0,111.0,113.0,40100
2024-03-26,111.0,111.0,112.0,110.0,112.0,18300
2024-03-27,112.0,112.0,113.0,110.0,111.0,40900
2024-03-28,110.0,110.0,113.0,109.0,112.0,37500
2024-04-01,110.0,110.0,112.0,105.0,110.0,117300
2024-04-02,108.0,108.0,110.0,108.0,110.0,66500
2024-04-03,107.0,107.0,108.0,107.0,108.0,78300
2024-04-04,109.0,109.0,111.0,106.0,108.0,50700
2024-04-05,106.0,106.0,112.0,106.0,109.0,121000
2024-04-16,108.0,108.0,110.0,105.0,107.0,17700
2024-04-17,106.0,106.0,108.0,104.0,108.0,21600
2024-04-18,117.0,117.0,121.0,106.0,106.0,766300
2024-04-19,117.0,117.0,120.0,115.0,116.0,614000
2024-04-22,113.0,113.0,117.0,113.0,117.0,194100
2024-04-23,120.0,120.0,130.0,111.0,113.0,931200
2024-04-24,119.0,119.0,124.0,117.0,120.0,487400
2024-04-25,128.0,128.0,129.0,117.0,117.0,476300
2024-04-26,148.0,148.0,149.0,124.0,128.0,4031300
2024-04-29,123.0,123.0,151.0,118.0,148.0,4609000
2024-04-30,122.0,122.0,125.0,119.0,125.0,739300
2024-05-02,123.0,123.0,125.0,119.0,121.0,467200
2024-05-03,122.0,122.0,126.0,120.0,121.0,696000
2024-05-06,120.0,120.0,125.0,114.0,122.0,723400
2024-05-07,117.0,117.0,120.0,112.0,119.0,4490100
2024-05-08,113.0,113.0,119.0,108.0,119.0,2435900
2024-05-13,112.0,112.0,116.0,112.0,114.0,296700
2024-05-14,128.0,128.0,128.0,112.0,112.0,1796900
2024-05-15,114.0,114.0,128.0,112.0,128.0,4046400
2024-05-16,114.0,114.0,117.0,112.0,114.0,1373000
2024-05-17,117.0,117.0,132.0,113.0,113.0,2674500
2024-05-20,126.0,126.0,132.0,116.0,119.0,3826900
2024-05-21,127.0,127.0,136.0,118.0,126.0,3663400
2024-05-22,138.0,138.0,145.0,116.0,126.0,7824400
2024-05-27,165.0,165.0,165.0,128.0,136.0,2277300
2024-05-28,149.0,149.0,165.0,141.0,165.0,3327500
2024-05-29,134.0,134.0,154.0,134.0,147.0,2517600
2024-05-30,124.0,124.0,133.0,124.0,133.0,1233500
2024-05-31,119.0,119.0,126.0,118.0,123.0,689100
2024-06-03,120.0,120.0,126.0,119.0,119.0,520600
2024-06-04,141.0,141.0,141.0,118.0,121.0,2702500
2024-06-05,125.0,125.0,145.0,125.0,137.0,3244300
2024-06-06,122.0,122.0,133.0,122.0,127.0,709900
2024-06-07,123.0,123.0,130.0,122.0,125.0,541100
2024-06-10,121.0,121.0,125.0,119.0,124.0,385900
2024-06-11,115.0,115.0,121.0,115.0,119.0,1219500
2024-06-12,115.0,115.0,118.0,114.0,118.0,527400
2024-06-13,121.0,121.0,130.0,114.0,115.0,656600
2024-06-14,117.0,117.0,125.0,117.0,121.0,732400
2024-06-19,118.0,118.0,120.0,117.0,120.0,185700
2024-06-20,118.0,118.0,120.0,117.0,118.0,132800
2024-06-21,118.0,118.0,119.0,115.0,117.0,120400
2024-06-24,120.0,120.0,128.0,118.0,118.0,254600
2024-06-25,122.0,122.0,124.0,119.0,122.0,52400
2024-06-26,119.0,119.0,124.0,119.0,122.0,156800
2024-06-27,122.0,122.0,122.0,119.0,119.0,18800
2024-06-28,121.0,121.0,122.0,119.0,122.0,69200
2024-07-01,120.0,120.0,123.0,120.0,120.0,40100
2024-07-02,122.0,122.0,122.0,118.0,120.0,29900
2024-07-03,123.0,123.0,123.0,119.0,122.0,275000
2024-07-04,122.0,122.0,123.0,120.0,123.0,13300
2024-07-05,121.0,121.0,126.0,120.0,121.0,125600
2024-07-08,119.0,119.0,125.0,119.0,122.0,203400
2024-07-09,119.0,119.0,121.0,119.0,121.0,122100
2024-07-10,120.0,120.0,122.0,119.0,119.0,87400
2024-07-11,124.0,124.0,127.0,119.0,120.0,306300
2024-07-12,121.0,121.0,124.0,120.0,121.0,143100
2024-07-15,121.0,121.0,122.0,119.0,121.0,41100
2024-07-16,120.0,120.0,122.0,119.0,121.0,53700
2024-07-17,118.0,118.0,121.0,115.0,120.0,608200
2024-07-18,119.0,119.0,120.0,116.0,118.0,23200
2024-07-19,120.0,120.0,120.0,117.0,119.0,50800
2024-07-22,123.0,123.0,124.0,118.0,120.0,307100
2024-07-23,121.0,121.0,125.0,120.0,123.0,281400
2024-07-24,120.0,120.0,124.0,120.0,123.0,56600
2024-07-25,122.0,122.0,122.0,119.0,122.0,20200
2024-07-26,120.0,120.0,122.0,120.0,122.0,6700
2024-07-29,118.0,118.0,120.0,117.0,120.0,79100
2024-07-30,120.0,120.0,120.0,118.0,120.0,21800
2024-07-31,117.0,117.0,120.0,117.0,120.0,25100
2024-08-01,120.0,120.0,120.0,117.0,118.0,8900
2024-08-02,120.0,120.0,120.0,117.0,119.0,232200
2024-08-05,115.0,115.0,119.0,115.0,117.0,69300
2024-08-06,118.0,118.0,118.0,115.0,115.0,90400
2024-08-07,119.0,119.0,120.0,116.0,118.0,336900
2024-08-08,119.0,119.0,121.0,118.0,119.0,8800
2024-08-09,114.0,114.0,119.0,114.0,119.0,736900
2024-08-12,115.0,115.0,117.0,114.0,114.0,360800
2024-08-13,114.0,114.0,117.0,112.0,116.0,282000
2024-08-14,115.0,115.0,116.0,113.0,114.0,308900
2024-08-15,116.0,116.0,118.0,114.0,117.0,99600
2024-08-16,115.0,115.0,117.0,115.0,115.0,44700
2024-08-19,116.0,116.0,120.0,115.0,115.0,176900
2024-08-20,117.0,117.0,118.0,116.0,118.0,48800
2024-08-21,117.0,117.0,118.0,115.0,117.0,50400
2024-08-22,109.0,109.0,117.0,108.0,115.0,1512700
2024-08-23,111.0,111.0,117.0,110.0,113.0,1506400
2024-08-26,115.0,115.0,116.0,113.0,115.0,379100
2024-08-27,117.0,117.0,117.0,115.0,115.0,212800
2024-08-28,117.0,117.0,118.0,115.0,117.0,92500
2024-08-29,116.0,116.0,126.0,112.0,115.0,2282300
2024-08-30,116.0,116.0,118.0,115.0,118.0,150000
2024-09-02,116.0,116.0,119.0,116.0,118.0,10400
2024-09-03,119.0,119.0,119.0,115.0,118.0,209600
2024-09-04,119.0,119.0,120.0,117.0,120.0,41600
2024-09-05,121.0,121.0,124.0,118.0,119.0,909600
2024-09-06,120.0,120.0,125.0,119.0,121.0,1662400
2024-09-09,120.0,120.0,122.0,119.0,119.0,135600
2024-09-10,118.0,118.0,122.0,117.0,121.0,602000
2024-09-11,119.0,119.0,120.0,114.0,117.0,381000
2024-09-12,117.0,117.0,119.0,116.0,118.0,385200
2024-09-13,116.0,116.0,118.0,116.0,118.0,161300
2024-09-17,122.0,122.0,140.0,116.0,116.0,5726400
2024-09-18,119.0,119.0,124.0,118.0,122.0,1322800
2024-09-19,121.0,121.0,121.0,117.0,121.0,289800
2024-09-20,120.0,120.0,121.0,117.0,120.0,93100
2024-09-23,118.0,118.0,121.0,118.0,120.0,120000
2024-09-24,119.0,119.0,120.0,117.0,120.0,61900
2024-09-25,118.0,118.0,121.0,117.0,119.0,30700
2024-09-26,120.0,120.0,120.0,117.0,118.0,348300
2024-09-27,119.0,119.0,130.0,119.0,120.0,2408700
2024-09-30,121.0,121.0,132.0,118.0,119.0,1187100
2024-10-01,125.0,125.0,128.0,119.0,121.0,1264100
2024-10-02,121.0,121.0,125.0,121.0,124.0,542900
2024-10-03,120.0,120.0,121.0,120.0,121.0,41000
2024-10-04,119.0,119.0,121.0,119.0,120.0,48800
2024-10-07,119.0,119.0,124.0,117.0,121.0,625200
2024-10-08,122.0,122.0,122.0,119.0,119.0,136600
2024-10-09,120.0,120.0,122.0,119.0,122.0,249500
2024-10-10,120.0,120.0,123.0,119.0,123.0,48200
2024-10-11,119.0,119.0,121.0,119.0,120.0,116800
2024-10-14,120.0,120.0,121.0,119.0,120.0,97800
2024-10-15,119.0,119.0,120.0,118.0,120.0,73400
2024-10-16,118.0,118.0,130.0,118.0,118.0,1782200
2024-10-17,119.0,119.0,121.0,119.0,120.0,173300
2024-10-18,120.0,120.0,120.0,118.0,119.0,52500
2024-10-21,125.0,125.0,126.0,118.0,120.0,810400
2024-10-22,121.0,121.0,125.0,120.0,125.0,193700
2024-10-23,121.0,121.0,125.0,120.0,122.0,190400
2024-10-24,120.0,120.0,125.0,120.0,120.0,44300
2024-10-25,119.0,119.0,122.0,118.0,122.0,51500
2024-10-28,119.0,119.0,120.0,119.0,120.0,54200
2024-10-29,118.0,118.0,121.0,115.0,119.0,1832600
2024-10-30,116.0,116.0,120.0,113.0,118.0,506800
2024-10-31,119.0,119.0,119.0,116.0,118.0,274000
2024-11-01,117.0,117.0,119.0,117.0,119.0,30400
2024-11-04,117.0,117.0,117.0,116.0,117.0,1900
2024-11-05,118.0,118.0,125.0,116.0,125.0,122300
2024-11-06,118.0,118.0,120.0,118.0,118.0,142200
2024-11-07,117.0,117.0,119.0,116.0,119.0,99200
2024-11-08,117.0,117.0,119.0,117.0,119.0,852100
2024-11-11,116.0,116.0,117.0,115.0,117.0,56900
2024-11-12,116.0,116.0,118.0,116.0,116.0,161500
2024-11-13,117.0,117.0,118.0,116.0,116.0,18300
2024-11-14,119.0,119.0,119.0,116.0,118.0,13200
2024-11-15,118.0,118.0,119.0,115.0,118.0,137600
2024-11-18,116.0,116.0,118.0,116.0,118.0,133600
2024-11-19,116.0,116.0,118.0,115.0,118.0,305100
2024-11-20,116.0,116.0,118.0,116.0,118.0,4500
2024-11-21,117.0,117.0,117.0,117.0,117.0,50100
2024-11-22,117.0,117.0,118.0,116.0,118.0,36400
2024-11-25,116.0,116.0,117.0,116.0,117.0,111600
2024-11-26,117.0,117.0,118.0,116.0,116.0,104300
2024-11-28,118.0,118.0,119.0,117.0,118.0,47900
2024-11-29,118.0,118.0,118.0,115.0,117.0,224300
2024-12-02,118.0,118.0,118.0,117.0,118.0,32100
2024-12-03,117.0,117.0,118.0,117.0,117.0,76400
2024-12-04,118.0,118.0,118.0,117.0,117.0,62200
2024-12-05,117.0,117.0,122.0,117.0,119.0,139400
2024-12-06,117.0,117.0,121.0,117.0,119.0,344100
2024-12-09,117.0,117.0,120.0,117.0,120.0,231100
2024-12-10,118.0,118.0,118.0,117.0,117.0,10800
2024-12-11,118.0,118.0,118.0,117.0,117.0,2100
